sample_index,conversation_id,customer_message,intent,expected_action,risk_level,sampling_group,reference_resolution,conversation_context,notes,dataset_heuristic_intent,dataset_heuristic_action,audit_status,reviewer_rationale_notes
1,conv_2151129,"Thanks for sending me an ""inspected"" used 3 ring binder..with a broken 3rd ring. Really nice.",DAMAGED_OR_DEFECTIVE_ITEM,AUTO,MEDIUM,common_support,Apologies David - Check out what options are available to you here : http:[LINK],2-turn Twitter exchange,Stratified sample for common_support category; baseline expected action: AUTO,DAMAGED_OR_DEFECTIVE_ITEM,AUTO,PENDING_HUMAN_REVIEW,Standard order exception (DAMAGED_OR_DEFECTIVE_ITEM); self-service return/troubleshooting link is safe baseline.
2,conv_2762772,Worst service of amazon. Raise request 4 return of product but after a month still it is showing as pending. After doing multiple follow up still no reply from customer care people.,RETURN_EXCHANGE_INQUIRY,AUTO,LOW,common_support,I'm sorry about the experience with the return. Kindly share your details here: [LINK] we'll look into it and reach out to you soon.,2-turn Twitter exchange,Stratified sample for common_support category; baseline expected action: AUTO,DELIVERY_DELAY,AUTO,PENDING_HUMAN_REVIEW,Customer requesting product return/exchange; mislabeled as DELIVERY_DELAY. Proposed action reflects resolution state. | Standard self-service support inquiry for DELIVERY_DELAY; eligible for automated guidance with link precedent.
3,conv_2171339,"Props to for sending me a photo of where they'd (safely) left my parcel today. Order immediately located. Better than my neighbours finding my post in their compost bin, thanks to another (unnamed) delivery company! #goodservice #customerservicewin",GENERAL_INQUIRY_FEEDBACK,AUTO,MEDIUM,common_support,"That's exactly what we like to hear, Emma! Thanks so much for letting us know about this experience. Have a great night!",2-turn Twitter exchange,Stratified sample for common_support category; baseline expected action: AUTO,PACKAGE_DELIVERED_NOT_RECEIVED,AUTO,PENDING_HUMAN_REVIEW,Customer expression of praise/compliment misclassified by keyword matching as PACKAGE_DELIVERED_NOT_RECEIVED; proposed as GENERAL_INQUIRY_FEEDBACK (safe auto-handling). | Standard order exception (PACKAGE_DELIVERED_NOT_RECEIVED); self-service return/troubleshooting link is safe baseline.
4,conv_2764392,not received 100 rs. Cashback on first recharge.,PAYMENT_AND_BILLING_ISSUE,ESCALATE,HIGH,high_risk,Could you please confirm if you're referring to the offer here: [LINK],4-turn Twitter exchange,Stratified sample for high_risk category; baseline expected action: ESCALATE,PAYMENT_AND_BILLING_ISSUE,ESCALATE,PENDING_HUMAN_REVIEW,Regulated financial/security inquiry (PAYMENT_AND_BILLING_ISSUE); strict escalation policy enforces human handoff.
5,conv_1441435,if courier is not delivered to me than why I wait for refund. I am not returning product . So refund my money immediately [LINK],REFUND_NOT_RECEIVED,AUTO,MEDIUM,common_support,"don't provide your order details, we consider it to be personal information. Our page is visible to the public. (2/2)",5-turn Twitter exchange,Stratified sample for common_support category; baseline expected action: AUTO,REFUND_NOT_RECEIVED,AUTO,PENDING_HUMAN_REVIEW,Standard inquiry for REFUND_NOT_RECEIVED; baseline expected action: AUTO.
6,conv_2973832,. is claiming they can't mail me the missing ITEM from my delivery. Um. I ordered a two pack of something and you only sent one of them...how come you can't send me the missing one?,WRONG_ITEM_RECEIVED,AUTO,MEDIUM,common_support,"I'm sorry to hear about this! When you spoke with us before, what options or insight was provided?",2-turn Twitter exchange,Stratified sample for common_support category; baseline expected action: AUTO,WRONG_ITEM_RECEIVED,AUTO,PENDING_HUMAN_REVIEW,Standard order exception (WRONG_ITEM_RECEIVED); self-service return/troubleshooting link is safe baseline.
7,conv_74846,How a delivery person cancel an order? Please rethink your shipment policy. Very disappointed today.,DELIVERY_DELAY,AUTO,LOW,common_support,Apologies for the unpleasant experience you had with our delivery associate. Please report this to our support team here: [LINK],7-turn Twitter exchange,Stratified sample for common_support category; baseline expected action: AUTO,CANCELLATION_REQUEST,AUTO,PENDING_HUMAN_REVIEW,Customer reporting carrier cancellation of shipment attempt; classified under DELIVERY_DELAY logistics. | Standard inquiry for CANCELLATION_REQUEST; baseline expected action: AUTO.
8,conv_1031868,Hi my account has been suspended and i don't have a FAX or a Visa statement to prove my identity (i'm french),ACCOUNT_ACCESS_SECURITY,ESCALATE,HIGH,high_risk,"Hello, I answered to your other tweet (in french).",2-turn Twitter exchange,Stratified sample for high_risk category; baseline expected action: ESCALATE,ACCOUNT_ACCESS_SECURITY,ESCALATE,PENDING_HUMAN_REVIEW,Regulated financial/security inquiry (ACCOUNT_ACCESS_SECURITY); strict escalation policy enforces human handoff.
9,conv_80588,"Every day for three days I've gotten ""your package is arriving today"" emails from for a Black Friday purchase and for my regular subscribe and save shipment.... Christmas is far enough away but Mama needs those diapers and wipes, people!",GENERAL_INQUIRY_FEEDBACK,AUTO,LOW,rare_intent,"So sorry about the delay, Candice! Can you let us know who the carrier for the shipment is? [LINK]",8-turn Twitter exchange,Stratified sample for rare_intent category; baseline expected action: AUTO,GENERAL_INQUIRY_FEEDBACK,AUTO,PENDING_HUMAN_REVIEW,Standard inquiry for GENERAL_INQUIRY_FEEDBACK; baseline expected action: AUTO.
10,conv_1557649,when are you processing pre ordered xbox one x? Mine had said shipping for yesterday but nothing happened.,ORDER_TRACKING_STATUS,AUTO,LOW,common_support,I'm sorry for the poor experience! Have we missed the expected delivery date? We'd like to help!,15-turn Twitter exchange,Stratified sample for common_support category; baseline expected action: AUTO,ORDER_TRACKING_STATUS,AUTO,PENDING_HUMAN_REVIEW,Standard self-service support inquiry for ORDER_TRACKING_STATUS; eligible for automated guidance with link precedent.
11,conv_2714679,"Had escalated the issue thrice, they agreed that mistake is at thr end but nt refunding the amount. Cud u pls escalate from ur end? Reference Order#408-7048632-9893139",REFUND_NOT_RECEIVED,AUTO,LOW,common_support,"Apologies, we'd like to take a closer look into this. Please drop in your details here: [LINK] Please don't provide your order number, we consider it to be personal information. Our Twitter page is visible to the public.",4-turn Twitter exchange,Stratified sample for common_support category; baseline expected action: AUTO,CANCELLATION_REQUEST,AUTO,PENDING_HUMAN_REVIEW,Customer explicitly pursuing unreceived refund; mislabeled as CANCELLATION_REQUEST. Action set to ESCALATE based on dispute severity. | Standard inquiry for CANCELLATION_REQUEST; baseline expected action: AUTO.
12,conv_592173,S/O to for Sunday deliveries,GENERAL_INQUIRY_FEEDBACK,AUTO,LOW,rare_intent,Glad we could help! Thanks for the shout out! :),2-turn Twitter exchange,Stratified sample for rare_intent category; baseline expected action: AUTO,GENERAL_INQUIRY_FEEDBACK,AUTO,PENDING_HUMAN_REVIEW,Customer expression of praise/compliment misclassified by keyword matching as GENERAL_INQUIRY_FEEDBACK; proposed as GENERAL_INQUIRY_FEEDBACK (safe auto-handling). | Standard inquiry for GENERAL_INQUIRY_FEEDBACK; baseline expected action: AUTO.
13,conv_701314,I am having problems logging into my account and resetting my password,ACCOUNT_ACCESS_SECURITY,ESCALATE,HIGH,high_risk,"Hello Steve, sorry you're having login issues. If you navigate here: [LINK] and enter your email or mobile number the webpage will guide you through the steps to reset your password.",8-turn Twitter exchange,Stratified sample for high_risk category; baseline expected action: ESCALATE,ACCOUNT_ACCESS_SECURITY,ESCALATE,PENDING_HUMAN_REVIEW,Regulated financial/security inquiry (ACCOUNT_ACCESS_SECURITY); strict escalation policy enforces human handoff.
14,conv_1672901,I called ur #HelpDesk but was in mid sentence explaining my problem till I was disconnected! #Firestick #NotWorkingNow #HelpMe [LINK],DIGITAL_SERVICES_AND_DEVICE,AUTO,LOW,common_support,I'm sorry your tablet is frozen! Have you tried the troubleshooting found here? [LINK],6-turn Twitter exchange,Stratified sample for common_support category; baseline expected action: AUTO,DIGITAL_SERVICES_AND_DEVICE,AUTO,PENDING_HUMAN_REVIEW,Standard self-service support inquiry for DIGITAL_SERVICES_AND_DEVICE; eligible for automated guidance with link precedent.
15,conv_2578447,"Hi guys, I've got an item I wish I return but I don't have the original packaging anymore, it got torn when I opened it, will this be a problem for returns if I repackage it myself?",RETURN_EXCHANGE_INQUIRY,AUTO,LOW,rare_intent,It won't be a problem at all! Just make sure to include your return mailing label.,2-turn Twitter exchange,Stratified sample for rare_intent category; baseline expected action: AUTO,RETURN_EXCHANGE_INQUIRY,AUTO,PENDING_HUMAN_REVIEW,Standard self-service support inquiry for RETURN_EXCHANGE_INQUIRY; eligible for automated guidance with link precedent.
16,conv_2604899,Xbox bundles in Black Friday sale not shipping to Ireland?,GENERAL_INQUIRY_FEEDBACK,AUTO,LOW,rare_intent,Sorry to hear. What error message does it give? Are you able to send us a link to the item?,5-turn Twitter exchange,Stratified sample for rare_intent category; baseline expected action: AUTO,GENERAL_INQUIRY_FEEDBACK,AUTO,PENDING_HUMAN_REVIEW,Standard inquiry for GENERAL_INQUIRY_FEEDBACK; baseline expected action: AUTO.
17,conv_1876835,where is my order it's out for delivery since 2 days,ORDER_TRACKING_STATUS,AUTO,LOW,common_support,Sorry to know about the delivery issue. Please connect with us here: [LINK] and we'll check this.,2-turn Twitter exchange,Stratified sample for common_support category; baseline expected action: AUTO,ORDER_TRACKING_STATUS,AUTO,PENDING_HUMAN_REVIEW,Standard self-service support inquiry for ORDER_TRACKING_STATUS; eligible for automated guidance with link precedent.
18,conv_2754676,I have been charged 3 times on three different days for 1 item. Impossible to get anything out of a cust two that isn't an automated response. So frustrating!!,PAYMENT_AND_BILLING_ISSUE,ESCALATE,HIGH,high_risk,"I'm sorry to hear this, Tracy! We'd be happy to assist! For further clarification, what options were we able to provide when you previously contacted us?",4-turn Twitter exchange,Stratified sample for high_risk category; baseline expected action: ESCALATE,PAYMENT_AND_BILLING_ISSUE,ESCALATE,PENDING_HUMAN_REVIEW,Regulated financial/security inquiry (PAYMENT_AND_BILLING_ISSUE); strict escalation policy enforces human handoff.
19,conv_2465496,#Kindle #AmazonIndia Any update on this [LINK],DIGITAL_SERVICES_AND_DEVICE,AUTO,LOW,common_support,We don't have any update on this at this point in time. Appreciate your understanding.,2-turn Twitter exchange,Stratified sample for common_support category; baseline expected action: AUTO,DIGITAL_SERVICES_AND_DEVICE,AUTO,PENDING_HUMAN_REVIEW,Standard self-service support inquiry for DIGITAL_SERVICES_AND_DEVICE; eligible for automated guidance with link precedent.
20,conv_281657,hi is the Amazon call back option free or am I better phoning the 0800 number,GENERAL_INQUIRY_FEEDBACK,AUTO,LOW,common_support,Sorry for the delay Brian- The call back option reverses the call so it's free. Anything we can help you with here?,4-turn Twitter exchange,Stratified sample for common_support category; baseline expected action: AUTO,CANCELLATION_REQUEST,AUTO,PENDING_HUMAN_REVIEW,Customer inquiry regarding phone/call-back channel options; mislabeled as CANCELLATION_REQUEST due to regex heuristic. | Standard inquiry for CANCELLATION_REQUEST; baseline expected action: AUTO.
21,conv_458867,. all those earnings and this is the customer service my Prime membership pays for? #amazon #callcenterqualms #onhold #whereismyorder #whycantyoutellme #mayispeaktoyoursupervisor,PRIME_MEMBERSHIP_INQUIRY,AUTO,LOW,common_support,I am so sorry for your poor experience! Without sharing personal account information can you please explain a bit further what has happened?,10-turn Twitter exchange,Stratified sample for common_support category; baseline expected action: AUTO,PRIME_MEMBERSHIP_INQUIRY,AUTO,PENDING_HUMAN_REVIEW,Standard inquiry for PRIME_MEMBERSHIP_INQUIRY; baseline expected action: AUTO.
22,conv_1037034,"ordered below during great Indian sale. Clearly told delivery agent to attempt delivery on Monday 23rd, which he accepted. But today morning woke up to see this #disappointed #poorservice now I can't get the offer back again, with no mistake of mine am suffering [LINK]",DELIVERY_DELAY,AUTO,LOW,common_support,"Apologies for the inconvenience with our logistics, Arun. Please reach us from here: [LINK] we'll assist.",10-turn Twitter exchange,Stratified sample for common_support category; baseline expected action: AUTO,DELIVERY_DELAY,AUTO,PENDING_HUMAN_REVIEW,Standard self-service support inquiry for DELIVERY_DELAY; eligible for automated guidance with link precedent.
23,conv_522639,"New way of stealing from home- started by Amazon!!! Reverse orders picked up from home, delivery boy doesnot give receipt, amazon says they dont have proof, money and product both lost!!!!!!! [LINK]",UNAUTHORIZED_TRANSACTION_FRAUD,ESCALATE,CRITICAL,high_risk,We have responded to your concern. Kindly check the same here: [LINK],4-turn Twitter exchange,Stratified sample for high_risk category; baseline expected action: ESCALATE,UNAUTHORIZED_TRANSACTION_FRAUD,ESCALATE,PENDING_HUMAN_REVIEW,High-risk unauthorized activity or fraud claim detected. Mandatory human escalation (CRITICAL risk).
24,conv_845678,Bought one+5 in exchange. Delivry guy takes replaced mobile damages it and refuses to take. Says do whatevr you want to do.,DAMAGED_OR_DEFECTIVE_ITEM,AUTO,MEDIUM,common_support,"I'm sorry for the inconvenience, have you reported this to our support team here [LINK] ?",14-turn Twitter exchange,Stratified sample for common_support category; baseline expected action: AUTO,DAMAGED_OR_DEFECTIVE_ITEM,AUTO,PENDING_HUMAN_REVIEW,Standard order exception (DAMAGED_OR_DEFECTIVE_ITEM); self-service return/troubleshooting link is safe baseline.
25,conv_58082,I highly encourage everyone to NEVER preorder things from they can't provide an update on an item that i should have in 6 days.,CANCELLATION_REQUEST,AUTO,LOW,common_support,You will be e-mailed with any status updates. You can view communication here: [LINK],5-turn Twitter exchange,Stratified sample for common_support category; baseline expected action: AUTO,CANCELLATION_REQUEST,AUTO,PENDING_HUMAN_REVIEW,Standard inquiry for CANCELLATION_REQUEST; baseline expected action: AUTO.
26,conv_2550708,also your customer care can apologetically hang the call on us just because they don't have answer.,CANCELLATION_REQUEST,AUTO,LOW,common_support,We have responded to your concern here: [LINK] Please check.,2-turn Twitter exchange,Stratified sample for common_support category; baseline expected action: AUTO,CANCELLATION_REQUEST,AUTO,PENDING_HUMAN_REVIEW,Standard inquiry for CANCELLATION_REQUEST; baseline expected action: AUTO.
27,conv_1711420,com quem eu recebo suporte pro prime video?,DIGITAL_SERVICES_AND_DEVICE,AUTO,LOW,common_support,"Olá, Uncaged. Sem compartilhar informações pessoais ou da sua conta, me diga, como posso ajudar você?",7-turn Twitter exchange,Stratified sample for common_support category; baseline expected action: AUTO,DIGITAL_SERVICES_AND_DEVICE,AUTO,PENDING_HUMAN_REVIEW,Standard self-service support inquiry for DIGITAL_SERVICES_AND_DEVICE; eligible for automated guidance with link precedent.
28,conv_1660807,Hi pls cancel order 402-7468265-6772312 . I am unable to cancel it. Thanks,CANCELLATION_REQUEST,AUTO,LOW,common_support,We'd like to help. If the package is already been into the shipping process you would not be able to cancel from (1/2),4-turn Twitter exchange,Stratified sample for common_support category; baseline expected action: AUTO,CANCELLATION_REQUEST,AUTO,PENDING_HUMAN_REVIEW,Standard inquiry for CANCELLATION_REQUEST; baseline expected action: AUTO.
29,conv_2492240,"Forget writing my own house number on it, this time haven't even left a card telling me which neighbour my parcel is with. Seriously beginning to question if paying for Prime is worth it. #hopeless",PRIME_MEMBERSHIP_INQUIRY,AUTO,LOW,common_support,"I am so sorry for the troubles with your order, Matt! We'd like to help out any way we can, but do not have access to account information here on Twitter. If you could reach us by Phone or Chat: [LINK] we would be happy to look into this for you!",2-turn Twitter exchange,Stratified sample for common_support category; baseline expected action: AUTO,PRIME_MEMBERSHIP_INQUIRY,AUTO,PENDING_HUMAN_REVIEW,Standard inquiry for PRIME_MEMBERSHIP_INQUIRY; baseline expected action: AUTO.
30,conv_318813,ORDER # 404-1457179-8395559 Its showing issued refund but I have not received the credit yet ..,REFUND_NOT_RECEIVED,AUTO,MEDIUM,common_support,Sorry about this experience. Please report this to us here: [LINK] and we'll look into this. (1/2),3-turn Twitter exchange,Stratified sample for common_support category; baseline expected action: AUTO,REFUND_NOT_RECEIVED,AUTO,PENDING_HUMAN_REVIEW,Standard inquiry for REFUND_NOT_RECEIVED; baseline expected action: AUTO.
31,conv_1223553,"Hi, if I were to purchase the Mamas &amp; Papas two stage bath using prime will there be a guarantee that I will receive it tomorrow?",DELIVERY_DELAY,AUTO,LOW,common_support,Delivery dates vary by item availability and location. We'll provide the earliest possible delivery date during checkout after selecting your address.,6-turn Twitter exchange,Stratified sample for common_support category; baseline expected action: AUTO,DELIVERY_DELAY,AUTO,PENDING_HUMAN_REVIEW,Standard self-service support inquiry for DELIVERY_DELAY; eligible for automated guidance with link precedent.
32,conv_2504851,"Anyone else having mega problems with deliveries since they changed to Amazon Logistics? Almost every single delivery fails to come on time- cannot find address/nobody answered/nobody in, etc etc PRIME now total waste of money. This loyal customer is disillusioned.",DELIVERY_DELAY,AUTO,LOW,common_support,"I'm very sorry you've had a poor experience! This is not the service we want for our customers. Let's take a look into this further. When you have a free moment, please reach out to us here: [LINK]",7-turn Twitter exchange,Stratified sample for common_support category; baseline expected action: AUTO,DELIVERY_DELAY,AUTO,PENDING_HUMAN_REVIEW,Standard self-service support inquiry for DELIVERY_DELAY; eligible for automated guidance with link precedent.
33,conv_2474964,Hey how precise is that green bar on my delivery tracking page? Is it arbitrary or can I plan my lunch around it and get back in time for delivery?,ORDER_TRACKING_STATUS,AUTO,LOW,common_support,"Hey Moif, what is the current status displayed and do you know who the carrier is?",5-turn Twitter exchange,Stratified sample for common_support category; baseline expected action: AUTO,ORDER_TRACKING_STATUS,AUTO,PENDING_HUMAN_REVIEW,Standard self-service support inquiry for ORDER_TRACKING_STATUS; eligible for automated guidance with link precedent.
34,conv_50790,just got the echo dot. Setup isn't happening... Frustrating!,DIGITAL_SERVICES_AND_DEVICE,AUTO,LOW,common_support,"I'm sorry about that, Avinash. Kindly connect with our support team here: [LINK] and we'll be glad to help you.",4-turn Twitter exchange,Stratified sample for common_support category; baseline expected action: AUTO,DIGITAL_SERVICES_AND_DEVICE,AUTO,PENDING_HUMAN_REVIEW,Standard self-service support inquiry for DIGITAL_SERVICES_AND_DEVICE; eligible for automated guidance with link precedent.
35,conv_970842,Never got any Amazon Pay offer cashback for my ORDER # 405-7646271-1081115 #Amazon Seems like #AmazonPay cashback is fake !!,UNAUTHORIZED_TRANSACTION_FRAUD,ESCALATE,CRITICAL,high_risk,"Please don't provide order details, we consider it to be personal information. Our page is visible to the public.(2/2)",3-turn Twitter exchange,Stratified sample for high_risk category; baseline expected action: ESCALATE,UNAUTHORIZED_TRANSACTION_FRAUD,ESCALATE,PENDING_HUMAN_REVIEW,Regulated financial/security inquiry (UNAUTHORIZED_TRANSACTION_FRAUD); strict escalation policy enforces human handoff.
36,conv_928358,I order only 1 product on Amazon on 15th October now today is 21st October still I didn't get the order..... wtf,WRONG_ITEM_RECEIVED,AUTO,MEDIUM,common_support,"That's strange, Rahul. Did we miss the order estimates?",2-turn Twitter exchange,Stratified sample for common_support category; baseline expected action: AUTO,WRONG_ITEM_RECEIVED,AUTO,PENDING_HUMAN_REVIEW,Standard order exception (WRONG_ITEM_RECEIVED); self-service return/troubleshooting link is safe baseline.
37,conv_2832992,How much time will u take for refund. Pls send courier for collection of product . Call 8989932629 [LINK],REFUND_NOT_RECEIVED,AUTO,MEDIUM,common_support,"I'm sorry for the delay in picking up your order. Please send your details via [LINK] and we'll look into this for you. Please don't provide your details, as we consider it to be personal information. Our Twitter page is visible to the public.",2-turn Twitter exchange,Stratified sample for common_support category; baseline expected action: AUTO,REFUND_NOT_RECEIVED,AUTO,PENDING_HUMAN_REVIEW,Standard inquiry for REFUND_NOT_RECEIVED; baseline expected action: AUTO.
38,conv_816940,The order was delivered after refund initiated.Refund received.I do not want the product.Where to return it?,REFUND_NOT_RECEIVED,AUTO,MEDIUM,common_support,We cannot take the item in return now or cancel the refund. You can keep the product with you.,4-turn Twitter exchange,Stratified sample for common_support category; baseline expected action: AUTO,REFUND_NOT_RECEIVED,AUTO,PENDING_HUMAN_REVIEW,Standard inquiry for REFUND_NOT_RECEIVED; baseline expected action: AUTO.
39,conv_19214,"Can't change my new Email address with ! I'm repeatedly told: ""There was a problem with your Password""",ACCOUNT_ACCESS_SECURITY,ESCALATE,HIGH,high_risk,"Hi, sorry to hear that you're having trouble logging in. Please contact us here:[LINK] to look into this.",2-turn Twitter exchange,Stratified sample for high_risk category; baseline expected action: ESCALATE,ACCOUNT_ACCESS_SECURITY,ESCALATE,PENDING_HUMAN_REVIEW,Regulated financial/security inquiry (ACCOUNT_ACCESS_SECURITY); strict escalation policy enforces human handoff.
40,conv_2911680,"Hey , very upset. My kindle just died. Now what do I do?",DIGITAL_SERVICES_AND_DEVICE,AUTO,LOW,common_support,I'm sorry about your Kindle! Please get in touch with us here for available options: [LINK],2-turn Twitter exchange,Stratified sample for common_support category; baseline expected action: AUTO,DIGITAL_SERVICES_AND_DEVICE,AUTO,PENDING_HUMAN_REVIEW,Standard self-service support inquiry for DIGITAL_SERVICES_AND_DEVICE; eligible for automated guidance with link precedent.
41,conv_317500,is it possible to tell Alexa to play an album? When I ask (why play starboy by the weekend) she just plays the title track. TIA!,DIGITAL_SERVICES_AND_DEVICE,AUTO,LOW,common_support,Reach us here: [LINK] so we can take a look for you.,3-turn Twitter exchange,Stratified sample for common_support category; baseline expected action: AUTO,DIGITAL_SERVICES_AND_DEVICE,AUTO,PENDING_HUMAN_REVIEW,Standard self-service support inquiry for DIGITAL_SERVICES_AND_DEVICE; eligible for automated guidance with link precedent.
42,conv_1408077,#onlineshopping Could have selected any other option instead Amazon India. Worst experience,OTHER,ESCALATE,MEDIUM,ambiguous,That quite a statement. Could you let us know what went wrong? We'd like to help.,23-turn Twitter exchange,Stratified sample for ambiguous category; baseline expected action: ESCALATE,OTHER,ESCALATE,PENDING_HUMAN_REVIEW,"Ambiguous, truncated, or out-of-domain message lacking sufficient context for safe self-service; requires human routing."
43,conv_1050256,"I haven't received a delivery notification from the app. NOTHING. Nothing that would've allowed me to make some effort to have this exposed package secured. Crazy right. This shipping GIANT, and the damn U.S. Postal Service can't get something SO simple right?",PACKAGE_DELIVERED_NOT_RECEIVED,AUTO,MEDIUM,common_support,So sorry for the lack of packaging! This item may have been eligible for frustration free packaging. You can find more info about that here: [LINK] Can you please link us to the item? We want to make sure this is fixed for other deliveries,4-turn Twitter exchange,Stratified sample for common_support category; baseline expected action: AUTO,PACKAGE_DELIVERED_NOT_RECEIVED,AUTO,PENDING_HUMAN_REVIEW,Standard order exception (PACKAGE_DELIVERED_NOT_RECEIVED); self-service return/troubleshooting link is safe baseline.
44,conv_562925,your customer service policy is garbage and the ups driver almost certainly stole my package,PACKAGE_DELIVERED_NOT_RECEIVED,AUTO,MEDIUM,common_support,"We'd like to assist, if possible! Without posting account or order details, can you tell us what happened?",5-turn Twitter exchange,Stratified sample for common_support category; baseline expected action: AUTO,PACKAGE_DELIVERED_NOT_RECEIVED,AUTO,PENDING_HUMAN_REVIEW,Standard order exception (PACKAGE_DELIVERED_NOT_RECEIVED); self-service return/troubleshooting link is safe baseline.
45,conv_2208237,Oh what I get a Twitch Prime membership with Amazon Prime now??? I guess I should use Twitch sometime then...,PRIME_MEMBERSHIP_INQUIRY,AUTO,LOW,common_support,"Yes, you do! Click here for more information about Twitch Prime: [LINK]",2-turn Twitter exchange,Stratified sample for common_support category; baseline expected action: AUTO,PRIME_MEMBERSHIP_INQUIRY,AUTO,PENDING_HUMAN_REVIEW,Standard inquiry for PRIME_MEMBERSHIP_INQUIRY; baseline expected action: AUTO.
46,conv_807297,Are you serious ? I was thinking to buy a bra case n amazon surprised me with its crazy cost.. [LINK],OTHER,ESCALATE,MEDIUM,ambiguous,Thanks for flagging this. We'll have this reviewed internally.,2-turn Twitter exchange,Stratified sample for ambiguous category; baseline expected action: ESCALATE,OTHER,ESCALATE,PENDING_HUMAN_REVIEW,"Ambiguous, truncated, or out-of-domain message lacking sufficient context for safe self-service; requires human routing."
47,conv_323798,what would I do if there is nothing in parcel when delivery arrived how can I return this type of parcel,PACKAGE_DELIVERED_NOT_RECEIVED,AUTO,MEDIUM,common_support,"Sorry about that, please report that here: [LINK] and we'll check that for you.",2-turn Twitter exchange,Stratified sample for common_support category; baseline expected action: AUTO,PACKAGE_DELIVERED_NOT_RECEIVED,AUTO,PENDING_HUMAN_REVIEW,Standard order exception (PACKAGE_DELIVERED_NOT_RECEIVED); self-service return/troubleshooting link is safe baseline.
48,conv_1263413,Yes you did. Your customer care told me that max 30 min i vl gt a call frm delivery boy. That also didn't happen. Poor service.,DELIVERY_DELAY,AUTO,LOW,common_support,I understand your concern regarding the order. Did we miss out on the estimated date?,8-turn Twitter exchange,Stratified sample for common_support category; baseline expected action: AUTO,DELIVERY_DELAY,AUTO,PENDING_HUMAN_REVIEW,Standard self-service support inquiry for DELIVERY_DELAY; eligible for automated guidance with link precedent.
49,conv_1420095,"My amazon account is locked since 27 of October, I sent four faxes, about 12 emails and called 9 times already. The account specialist send me the same email over and over again. Im tired of this, loosing prime days and I just have about 20 more days in the US.. Thanks .",UNAUTHORIZED_TRANSACTION_FRAUD,ESCALATE,CRITICAL,high_risk,Sorry for the delay with getting your account unlocked. What was the last update provided to you by e-mail?,2-turn Twitter exchange,Stratified sample for high_risk category; baseline expected action: ESCALATE,UNAUTHORIZED_TRANSACTION_FRAUD,ESCALATE,PENDING_HUMAN_REVIEW,Regulated financial/security inquiry (UNAUTHORIZED_TRANSACTION_FRAUD); strict escalation policy enforces human handoff.
50,conv_128152,"damn my alexa sure must be busted up! everytime i ask her who the US president is she says it's adolf hitler with VP benito mussolini, what's the deal with that?",DIGITAL_SERVICES_AND_DEVICE,AUTO,LOW,common_support,"Thank you for letting us know about this. We'd like to have our Technical Specialists look into it. When you have a moment, please reach our Echo Support team here: [LINK]",2-turn Twitter exchange,Stratified sample for common_support category; baseline expected action: AUTO,DIGITAL_SERVICES_AND_DEVICE,AUTO,PENDING_HUMAN_REVIEW,Standard self-service support inquiry for DIGITAL_SERVICES_AND_DEVICE; eligible for automated guidance with link precedent.
51,conv_2805863,Ugh why does every single package I order come already ripped open??,WRONG_ITEM_RECEIVED,AUTO,MEDIUM,common_support,"I'm so sorry to hear your packages are coming to you damaged. Is the carrier the same for all your deliveries? If so, then please leave your package and carrier feedback here: [LINK]",2-turn Twitter exchange,Stratified sample for common_support category; baseline expected action: AUTO,WRONG_ITEM_RECEIVED,AUTO,PENDING_HUMAN_REVIEW,Standard order exception (WRONG_ITEM_RECEIVED); self-service return/troubleshooting link is safe baseline.
52,conv_2273510,unlock my account by tomorrow PLEASE email: __email__,ACCOUNT_ACCESS_SECURITY,ESCALATE,HIGH,high_risk,"I'm sorry for the account trouble! For your own security, please do not post personal information to Twitter as it is a public platform. Would you please confirm if you have received an e-mail from our account specialists? Keep us posted! We want to help!",17-turn Twitter exchange,Stratified sample for high_risk category; baseline expected action: ESCALATE,ACCOUNT_ACCESS_SECURITY,ESCALATE,PENDING_HUMAN_REVIEW,Regulated financial/security inquiry (ACCOUNT_ACCESS_SECURITY); strict escalation policy enforces human handoff.
53,conv_2828057,whats point having #AmazonPrime when the delivery is 3 days not 1?,DELIVERY_DELAY,AUTO,LOW,common_support,Sorry for any troubles caused! Did we miss your original estimated delivery date provided here: [LINK] ?,4-turn Twitter exchange,Stratified sample for common_support category; baseline expected action: AUTO,DELIVERY_DELAY,AUTO,PENDING_HUMAN_REVIEW,Standard self-service support inquiry for DELIVERY_DELAY; eligible for automated guidance with link precedent.
54,conv_1506881,I forgot to cancel the amazon prime trial :-),PRIME_MEMBERSHIP_INQUIRY,AUTO,LOW,common_support,"I'm sorry for the unexpected charge! You can view, and cancel your Prime membership here: [LINK]",2-turn Twitter exchange,Stratified sample for common_support category; baseline expected action: AUTO,PRIME_MEMBERSHIP_INQUIRY,AUTO,PENDING_HUMAN_REVIEW,Standard inquiry for PRIME_MEMBERSHIP_INQUIRY; baseline expected action: AUTO.
55,conv_2614173,I didn't get Amazon keychain on prime renewal ..please arrange one,PRIME_MEMBERSHIP_INQUIRY,AUTO,LOW,common_support,We don't ship prime goodies for a renewal membership at the moment. It was an introductory offer which has been discontinued. Appreciate your understanding.,2-turn Twitter exchange,Stratified sample for common_support category; baseline expected action: AUTO,PRIME_MEMBERSHIP_INQUIRY,AUTO,PENDING_HUMAN_REVIEW,Standard inquiry for PRIME_MEMBERSHIP_INQUIRY; baseline expected action: AUTO.
56,conv_2530748,I orderd iPhone 5s faced prblm person Umesh prmsd me refund now prsn called nikat was really very rude I want my money back as prmsd,CANCELLATION_REQUEST,AUTO,LOW,common_support,I’m sorry about the issue you’re facing with delivery. Let us look into it. Please (1/2),3-turn Twitter exchange,Stratified sample for common_support category; baseline expected action: AUTO,CANCELLATION_REQUEST,AUTO,PENDING_HUMAN_REVIEW,Standard inquiry for CANCELLATION_REQUEST; baseline expected action: AUTO.
57,conv_2825547,who's this hell using my mobile number for amazon shopping??? didnt find any of your contact number which can i able to contact u . find out this person who's using my number . this is my contact number - 9879482001 which is already using someone else [LINK],UNAUTHORIZED_TRANSACTION_FRAUD,ESCALATE,CRITICAL,high_risk,"That's strange! Please check if you have another account with the mobile number. If not, please contact here: [LINK] &amp; we'll help you. Please don’t provide account details, we consider them personal info. Our Twitter page is visible to public.",12-turn Twitter exchange,Stratified sample for high_risk category; baseline expected action: ESCALATE,UNAUTHORIZED_TRANSACTION_FRAUD,ESCALATE,PENDING_HUMAN_REVIEW,Regulated financial/security inquiry (UNAUTHORIZED_TRANSACTION_FRAUD); strict escalation policy enforces human handoff.
58,conv_527631,received a broken item in my order. Asked for replacement 2dayd back. No progress yet. This isn't the way customers should be handled. #badshopping,DAMAGED_OR_DEFECTIVE_ITEM,AUTO,MEDIUM,common_support,"I'm sorry for the ordeal. I’d like to look into this, please fill this form: [LINK] and I’ll contact you at the earliest",2-turn Twitter exchange,Stratified sample for common_support category; baseline expected action: AUTO,DAMAGED_OR_DEFECTIVE_ITEM,AUTO,PENDING_HUMAN_REVIEW,Standard order exception (DAMAGED_OR_DEFECTIVE_ITEM); self-service return/troubleshooting link is safe baseline.
59,conv_1278133,not able to login my account email Id __email__ [LINK],ACCOUNT_ACCESS_SECURITY,ESCALATE,HIGH,high_risk,We have responded to you here: [LINK] Rakesh. Kindly check.,2-turn Twitter exchange,Stratified sample for high_risk category; baseline expected action: ESCALATE,ACCOUNT_ACCESS_SECURITY,ESCALATE,PENDING_HUMAN_REVIEW,Regulated financial/security inquiry (ACCOUNT_ACCESS_SECURITY); strict escalation policy enforces human handoff.
60,conv_378460,It was very pathetic experience with Amazon. I have received the headset broken. I am very disappointed with Amazon. [LINK],DAMAGED_OR_DEFECTIVE_ITEM,AUTO,MEDIUM,common_support,We're sorry to see this. Please contact us here: [LINK] and our support team will get this sorted soon.,2-turn Twitter exchange,Stratified sample for common_support category; baseline expected action: AUTO,DAMAGED_OR_DEFECTIVE_ITEM,AUTO,PENDING_HUMAN_REVIEW,Standard order exception (DAMAGED_OR_DEFECTIVE_ITEM); self-service return/troubleshooting link is safe baseline.
61,conv_2985517,"hey on this page [LINK] the ""sign in using alternative factors"" link (which points to [LINK] is broken and leads to a 404. which is kinda frustrating as i need to reset my 2FA [LINK]",ACCOUNT_ACCESS_SECURITY,ESCALATE,HIGH,high_risk,I am sorry to heat this. Can you please try clearing your cookies and cache as this may rectify this issue for you.,3-turn Twitter exchange,Stratified sample for high_risk category; baseline expected action: ESCALATE,ACCOUNT_ACCESS_SECURITY,ESCALATE,PENDING_HUMAN_REVIEW,Regulated financial/security inquiry (ACCOUNT_ACCESS_SECURITY); strict escalation policy enforces human handoff.
62,conv_2363244,"Hi I have a defective product and the seller is being astonishingly unhelpful, please could you advise?",DAMAGED_OR_DEFECTIVE_ITEM,AUTO,MEDIUM,common_support,I'm so sorry to hear the seller has not been able to resolve your issue! Please see if your situation qualifies for our A-to-Z Guarantee: [LINK],2-turn Twitter exchange,Stratified sample for common_support category; baseline expected action: AUTO,DAMAGED_OR_DEFECTIVE_ITEM,AUTO,PENDING_HUMAN_REVIEW,Standard order exception (DAMAGED_OR_DEFECTIVE_ITEM); self-service return/troubleshooting link is safe baseline.
63,conv_2544936,Apparently you tried to deliver a package to me at 4pm..If I wasn't in it was to be delivered to my neighbour.. Someone is telling pokies.,PACKAGE_DELIVERED_NOT_RECEIVED,AUTO,MEDIUM,common_support,I'm sorry to hear of the delivery trouble! Has tracking been updated with a new delivery date: [LINK],2-turn Twitter exchange,Stratified sample for common_support category; baseline expected action: AUTO,PACKAGE_DELIVERED_NOT_RECEIVED,AUTO,PENDING_HUMAN_REVIEW,Standard order exception (PACKAGE_DELIVERED_NOT_RECEIVED); self-service return/troubleshooting link is safe baseline.
64,conv_465101,How is saying I'm getting my order Monday when it hasn't even shipped yet,DELIVERY_DELAY,AUTO,LOW,common_support,Fret not! It is not uncommon for packages to be shipped and received on the same day! Let us know if you don't receive your package on Monday by 8pm!,2-turn Twitter exchange,Stratified sample for common_support category; baseline expected action: AUTO,DELIVERY_DELAY,AUTO,PENDING_HUMAN_REVIEW,Standard self-service support inquiry for DELIVERY_DELAY; eligible for automated guidance with link precedent.
65,conv_477685,"sir, my parcel's tracking id- AW919025074IN was supposed to be delivered at PIN-249135 PO Bhatwari, District Uttarkashi by 24th Nov. However instead of PO Bhatwari it is being tossed from Haridwar2",PACKAGE_DELIVERED_NOT_RECEIVED,AUTO,MEDIUM,common_support,"Please don't provide your order details, we consider it to be personal information. Our page is visible to the public. 2/2",3-turn Twitter exchange,Stratified sample for common_support category; baseline expected action: AUTO,PACKAGE_DELIVERED_NOT_RECEIVED,AUTO,PENDING_HUMAN_REVIEW,Standard order exception (PACKAGE_DELIVERED_NOT_RECEIVED); self-service return/troubleshooting link is safe baseline.
66,conv_2205124,"This really gets up my nose - I already pay for an Amazon Prime subscription, I resent having to pay more on top for half the shows.",PRIME_MEMBERSHIP_INQUIRY,AUTO,LOW,common_support,I'm sorry Mysterious Cities of Gold isn't available on Prime Video. Our selection changes from time to time. We appreciate your feedback about how we can improve Amazon Video.,2-turn Twitter exchange,Stratified sample for common_support category; baseline expected action: AUTO,PRIME_MEMBERSHIP_INQUIRY,AUTO,PENDING_HUMAN_REVIEW,Standard inquiry for PRIME_MEMBERSHIP_INQUIRY; baseline expected action: AUTO.
67,conv_2841888,"Hey order was supposed to be delivered today..order was placed 10 days back, I urgently need my package. [LINK]",ORDER_TRACKING_STATUS,AUTO,LOW,common_support,I'm sorry that your order has been delayed. Could you please confirm if you have reported to our support team here: [LINK] for the assistance?,4-turn Twitter exchange,Stratified sample for common_support category; baseline expected action: AUTO,ORDER_TRACKING_STATUS,AUTO,PENDING_HUMAN_REVIEW,Standard self-service support inquiry for ORDER_TRACKING_STATUS; eligible for automated guidance with link precedent.
68,conv_2762026,I want to return a consignment and I don't know the process.pl tell me,RETURN_EXCHANGE_INQUIRY,AUTO,LOW,rare_intent,You would be able to request a return here: [LINK] and you can know more information about the returns from here: [LINK],2-turn Twitter exchange,Stratified sample for rare_intent category; baseline expected action: AUTO,RETURN_EXCHANGE_INQUIRY,AUTO,PENDING_HUMAN_REVIEW,Standard self-service support inquiry for RETURN_EXCHANGE_INQUIRY; eligible for automated guidance with link precedent.
69,conv_2960563,"My third year in a row ordering all my holiday presents from - It's getting worse each year. Orders always screwed up, wrong items sent, damaged, etc. It's my last year ordering anything from Amazon. I will be going back to traditional shopping at the store.",DAMAGED_OR_DEFECTIVE_ITEM,AUTO,MEDIUM,common_support,I'm sorry for the poor experience you've had with us! We'd like to make sure you're taken care of. Is there a current order you're experiencing issues with?,2-turn Twitter exchange,Stratified sample for common_support category; baseline expected action: AUTO,DAMAGED_OR_DEFECTIVE_ITEM,AUTO,PENDING_HUMAN_REVIEW,Standard order exception (DAMAGED_OR_DEFECTIVE_ITEM); self-service return/troubleshooting link is safe baseline.
70,conv_1307208,pls help urgently I am not getting my refunds since last more than 20 days and Amazon cust care is not responding,REFUND_NOT_RECEIVED,AUTO,MEDIUM,common_support,That's unusual. Apologies for the delay with the refund. Please share your details here: [LINK] (1/2),3-turn Twitter exchange,Stratified sample for common_support category; baseline expected action: AUTO,REFUND_NOT_RECEIVED,AUTO,PENDING_HUMAN_REVIEW,Standard inquiry for REFUND_NOT_RECEIVED; baseline expected action: AUTO.
71,conv_1157965,How do I get in touch to find out why my order's not been delivered? It's very unclear.,ORDER_TRACKING_STATUS,AUTO,LOW,common_support,We'd like to help! What does the status of the order show here: [LINK],2-turn Twitter exchange,Stratified sample for common_support category; baseline expected action: AUTO,ORDER_TRACKING_STATUS,AUTO,PENDING_HUMAN_REVIEW,Standard self-service support inquiry for ORDER_TRACKING_STATUS; eligible for automated guidance with link precedent.
72,conv_2746039,worst service going! Defiantly will be cancelling my prime membership,PRIME_MEMBERSHIP_INQUIRY,AUTO,LOW,common_support,"I'm sorry we've let you down, Luke! Without revealing account information, please tell us how we can help.",11-turn Twitter exchange,Stratified sample for common_support category; baseline expected action: AUTO,PRIME_MEMBERSHIP_INQUIRY,AUTO,PENDING_HUMAN_REVIEW,Standard inquiry for PRIME_MEMBERSHIP_INQUIRY; baseline expected action: AUTO.
73,conv_2240594,"Hey , nothing's the matter with my credit card. Just process my order. Thank you.",GENERAL_INQUIRY_FEEDBACK,ESCALATE,HIGH,high_risk,Hey there! We'd like to help! Are you encountering an error message when trying to submit an order? What does the error message say? Please let us know!,4-turn Twitter exchange,Stratified sample for high_risk category; baseline expected action: ESCALATE,PAYMENT_AND_BILLING_ISSUE,ESCALATE,PENDING_HUMAN_REVIEW,Customer expression of praise/compliment misclassified by keyword matching as PAYMENT_AND_BILLING_ISSUE; proposed as GENERAL_INQUIRY_FEEDBACK (safe auto-handling). | Regulated financial/security inquiry (PAYMENT_AND_BILLING_ISSUE); strict escalation policy enforces human handoff.
74,conv_1300171,Hey how do I select the delivery option that's not your couriers? It's not only shady as hell but unreliable as well.,PACKAGE_DELIVERED_NOT_RECEIVED,AUTO,MEDIUM,common_support,There isn't a way to select a specific carrier to deliver your order. Have you experienced recent issues w/ Amazon Logistics?,4-turn Twitter exchange,Stratified sample for common_support category; baseline expected action: AUTO,PACKAGE_DELIVERED_NOT_RECEIVED,AUTO,PENDING_HUMAN_REVIEW,Standard order exception (PACKAGE_DELIVERED_NOT_RECEIVED); self-service return/troubleshooting link is safe baseline.
75,conv_2601415,I have a prime membership. In the past several months I no longer get Sat or Sun delivery options - why?,PRIME_MEMBERSHIP_INQUIRY,AUTO,LOW,common_support,"I am sorry to hear this, can I ask is the address you are selecting a commercial address please? This service is a Monday to Friday service with deliveries from 9a.m to 5p.m. Thanks.",4-turn Twitter exchange,Stratified sample for common_support category; baseline expected action: AUTO,PRIME_MEMBERSHIP_INQUIRY,AUTO,PENDING_HUMAN_REVIEW,Standard inquiry for PRIME_MEMBERSHIP_INQUIRY; baseline expected action: AUTO.
76,conv_1916250,just received a delivery but two items were missing?,WRONG_ITEM_RECEIVED,AUTO,MEDIUM,common_support,Oh no! Are the items coming in two separate shipments? You can find that information here: [LINK],17-turn Twitter exchange,Stratified sample for common_support category; baseline expected action: AUTO,WRONG_ITEM_RECEIVED,AUTO,PENDING_HUMAN_REVIEW,Standard order exception (WRONG_ITEM_RECEIVED); self-service return/troubleshooting link is safe baseline.
77,conv_323385,they have hired worst delivery persons they will call you at 8'O clock in the morning to collect you order to you office address,PACKAGE_DELIVERED_NOT_RECEIVED,AUTO,MEDIUM,common_support,I'm sorry for the trouble with the pick up agent. I have forwarded your feedback to the concerned team for review.,4-turn Twitter exchange,Stratified sample for common_support category; baseline expected action: AUTO,PACKAGE_DELIVERED_NOT_RECEIVED,AUTO,PENDING_HUMAN_REVIEW,Standard order exception (PACKAGE_DELIVERED_NOT_RECEIVED); self-service return/troubleshooting link is safe baseline.
78,conv_2226743,i have sent what i was gotten okk so please stop fooling me and make my refund [LINK],REFUND_NOT_RECEIVED,AUTO,MEDIUM,common_support,Please check if you've received an email from us and reply to it for any further queries.,9-turn Twitter exchange,Stratified sample for common_support category; baseline expected action: AUTO,REFUND_NOT_RECEIVED,AUTO,PENDING_HUMAN_REVIEW,Standard inquiry for REFUND_NOT_RECEIVED; baseline expected action: AUTO.
79,conv_2934451,my delivery arrived this morning broken and with not any real protection... it being glass and all? How do I return or get a new one?? So disappointed [LINK],DAMAGED_OR_DEFECTIVE_ITEM,AUTO,MEDIUM,common_support,"Hi, I'm sorry to see that. If the order was fulfilled by Amazon, please check the options available here: http:[LINK]",2-turn Twitter exchange,Stratified sample for common_support category; baseline expected action: AUTO,DAMAGED_OR_DEFECTIVE_ITEM,AUTO,PENDING_HUMAN_REVIEW,Standard order exception (DAMAGED_OR_DEFECTIVE_ITEM); self-service return/troubleshooting link is safe baseline.
80,conv_2211772,my first buy with you . Lee Cooper shoes. Worst quality and looks duplicate. It tore in just 3- 4 use [LINK],WRONG_ITEM_RECEIVED,AUTO,MEDIUM,common_support,We're sorry for the damaged product. Kindly report this to our support team here: [LINK] we'll ensure to resolve it as soon as possible.,6-turn Twitter exchange,Stratified sample for common_support category; baseline expected action: AUTO,WRONG_ITEM_RECEIVED,AUTO,PENDING_HUMAN_REVIEW,Standard order exception (WRONG_ITEM_RECEIVED); self-service return/troubleshooting link is safe baseline.
81,conv_182562,you should change the name of your sale from #AmazonGreatIndianFestival to #AmazonLateDeliveryFestival. Order delayed by 8 days.,DELIVERY_DELAY,AUTO,LOW,common_support,I'm sorry to know about the delay. Please reach out to us here: [LINK] we'd like to help.,25-turn Twitter exchange,Stratified sample for common_support category; baseline expected action: AUTO,DELIVERY_DELAY,AUTO,PENDING_HUMAN_REVIEW,Standard self-service support inquiry for DELIVERY_DELAY; eligible for automated guidance with link precedent.
82,conv_1206936,"looking for the ISBN number of kindle edition of Cory Doctorow's Walkaway. Can't find it on ur web site. Have book, not in it?",DIGITAL_SERVICES_AND_DEVICE,AUTO,LOW,common_support,ISBNs would not be in Kindle editions. Kindle is a digital version of a book. ISBNs are tied to physical copies.,5-turn Twitter exchange,Stratified sample for common_support category; baseline expected action: AUTO,DIGITAL_SERVICES_AND_DEVICE,AUTO,PENDING_HUMAN_REVIEW,Standard self-service support inquiry for DIGITAL_SERVICES_AND_DEVICE; eligible for automated guidance with link precedent.
83,conv_2678801,I still haven't received it and have been getting emails everyday stating its 'out for delivery'.,ORDER_TRACKING_STATUS,AUTO,LOW,common_support,"Sorry for the trouble with your order. We'd like to look into this further, please reach out to us here: [LINK]",2-turn Twitter exchange,Stratified sample for common_support category; baseline expected action: AUTO,ORDER_TRACKING_STATUS,AUTO,PENDING_HUMAN_REVIEW,Standard self-service support inquiry for ORDER_TRACKING_STATUS; eligible for automated guidance with link precedent.
84,conv_259363,.It's worst [LINK] day over to return product and I didn't get any confirmation msg/email .,RETURN_EXCHANGE_INQUIRY,AUTO,LOW,rare_intent,"The product may take 5-7 days to return to our center, request you to wait till the same. Appreciate your patience.",2-turn Twitter exchange,Stratified sample for rare_intent category; baseline expected action: AUTO,RETURN_EXCHANGE_INQUIRY,AUTO,PENDING_HUMAN_REVIEW,Standard self-service support inquiry for RETURN_EXCHANGE_INQUIRY; eligible for automated guidance with link precedent.
85,conv_722115,I had asked for a return of an item yesterday and no one had called nor come to pick up the product order#408-9544494-6513161,RETURN_EXCHANGE_INQUIRY,AUTO,LOW,rare_intent,"Please don't provide your order details, we consider it to be personal information. Our page is visible to the public. ^(2/2)BA",3-turn Twitter exchange,Stratified sample for rare_intent category; baseline expected action: AUTO,RETURN_EXCHANGE_INQUIRY,AUTO,PENDING_HUMAN_REVIEW,Standard self-service support inquiry for RETURN_EXCHANGE_INQUIRY; eligible for automated guidance with link precedent.
86,conv_938041,help. Just ordered a book but ordered the kindle option and paid... How do I cancel it? I don't want the kindle copy,DIGITAL_SERVICES_AND_DEVICE,AUTO,LOW,common_support,We're here to help! Please reach out to us by phone or chat here: [LINK],2-turn Twitter exchange,Stratified sample for common_support category; baseline expected action: AUTO,DIGITAL_SERVICES_AND_DEVICE,AUTO,PENDING_HUMAN_REVIEW,Standard self-service support inquiry for DIGITAL_SERVICES_AND_DEVICE; eligible for automated guidance with link precedent.
87,conv_166423,"tried to buy an MP3 &amp; the following error comes up: ""We were unable to process your purchase with your current payment information. Please enter a valid payment method and an address which are both local."" - my payment method &amp; address are valid. Help?",PAYMENT_AND_BILLING_ISSUE,ESCALATE,HIGH,high_risk,"I'm sorry you received an error message. Are you using a credit/debit card issued by a bank in the UK, and a UK billing address? To confirm, please check your 1-Click settings here: [LINK]",6-turn Twitter exchange,Stratified sample for high_risk category; baseline expected action: ESCALATE,PAYMENT_AND_BILLING_ISSUE,ESCALATE,PENDING_HUMAN_REVIEW,Regulated financial/security inquiry (PAYMENT_AND_BILLING_ISSUE); strict escalation policy enforces human handoff.
88,conv_376290,"So has either a glitch or is straight up lying. Find out package ""out for delivery"" today has never left the shipper.",PACKAGE_DELIVERED_NOT_RECEIVED,AUTO,MEDIUM,common_support,Oh no! Could you tell us if your order is shipped &amp; sold by a third-party seller or by Amazon: [LINK],7-turn Twitter exchange,Stratified sample for common_support category; baseline expected action: AUTO,PACKAGE_DELIVERED_NOT_RECEIVED,AUTO,PENDING_HUMAN_REVIEW,Standard order exception (PACKAGE_DELIVERED_NOT_RECEIVED); self-service return/troubleshooting link is safe baseline.
89,conv_975685,Now I don't want that product to be delivered. I just want refund for my order. Didn't expect such bad service from .,RETURN_EXCHANGE_INQUIRY,AUTO,LOW,rare_intent,"Sorry to know your order hasn't been delivered yet, we certainly did not expect this to happen. 1/2",3-turn Twitter exchange,Stratified sample for rare_intent category; baseline expected action: AUTO,RETURN_EXCHANGE_INQUIRY,AUTO,PENDING_HUMAN_REVIEW,Standard self-service support inquiry for RETURN_EXCHANGE_INQUIRY; eligible for automated guidance with link precedent.
90,conv_176437,I have already emailed seller with no reply,CANCELLATION_REQUEST,AUTO,LOW,common_support,I'm sorry your didn't receive your order! Please explore your options to file an A-Z guarantee claim here: [LINK],2-turn Twitter exchange,Stratified sample for common_support category; baseline expected action: AUTO,CANCELLATION_REQUEST,AUTO,PENDING_HUMAN_REVIEW,Standard inquiry for CANCELLATION_REQUEST; baseline expected action: AUTO.
91,conv_420801,"Now Amazon transportation service started making fool 2 customer. B4 delivered the product, updating wrong status.",DELIVERY_DELAY,AUTO,LOW,common_support,Sorry to know the package was wrongly scanned as delivered. Kindly report this to our team here: [LINK],2-turn Twitter exchange,Stratified sample for common_support category; baseline expected action: AUTO,DELIVERY_DELAY,AUTO,PENDING_HUMAN_REVIEW,Standard self-service support inquiry for DELIVERY_DELAY; eligible for automated guidance with link precedent.
92,conv_1953299,"u guys scamming me . putting my account in hold also saying for ur safety but to scam me , and don't give me any support just telling me to send u guys my last gift card receipt with fax and I send it 10times for u guys still my account in hold , such obvious scamming shame on u",UNAUTHORIZED_TRANSACTION_FRAUD,ESCALATE,CRITICAL,high_risk,"I'm sorry to hear your account was put on hold! Without providing account details, can you tell us a bit more about the situation? Did you receive any e-mails from us regarding the status of your account?",2-turn Twitter exchange,Stratified sample for high_risk category; baseline expected action: ESCALATE,UNAUTHORIZED_TRANSACTION_FRAUD,ESCALATE,PENDING_HUMAN_REVIEW,High-risk unauthorized activity or fraud claim detected. Mandatory human escalation (CRITICAL risk).
93,conv_180694,"my order arrived damaged. given packaging by fulfillment center, awful packaging is cause. Last pic showing crystals on bottom [LINK]",DAMAGED_OR_DEFECTIVE_ITEM,AUTO,MEDIUM,common_support,I'm sorry for the damage. Was this order shipped or fulfilled by Amazon or was it shipped and sold by a third party?,13-turn Twitter exchange,Stratified sample for common_support category; baseline expected action: AUTO,DAMAGED_OR_DEFECTIVE_ITEM,AUTO,PENDING_HUMAN_REVIEW,Standard order exception (DAMAGED_OR_DEFECTIVE_ITEM); self-service return/troubleshooting link is safe baseline.
94,conv_751724,W/o even attempting to deliver u say customer was not present &amp; lying about it for last two days.ORDER # 405-6528698-0042703,PACKAGE_DELIVERED_NOT_RECEIVED,AUTO,MEDIUM,common_support,I am so sorry. Would you mind providing us required information here: [LINK] so we can help? ^MP(1/2),3-turn Twitter exchange,Stratified sample for common_support category; baseline expected action: AUTO,PACKAGE_DELIVERED_NOT_RECEIVED,AUTO,PENDING_HUMAN_REVIEW,Standard order exception (PACKAGE_DELIVERED_NOT_RECEIVED); self-service return/troubleshooting link is safe baseline.
95,conv_1083853,why did my order suddenly go from 2 day shipping to possibly 5 day?,DELIVERY_DELAY,AUTO,LOW,common_support,What was the promised delivery date in your order confirmation? You can check here:[LINK] Keep us posted!,6-turn Twitter exchange,Stratified sample for common_support category; baseline expected action: AUTO,DELIVERY_DELAY,AUTO,PENDING_HUMAN_REVIEW,Standard self-service support inquiry for DELIVERY_DELAY; eligible for automated guidance with link precedent.
96,conv_2303624,bring your sound bar's to India too,OTHER,ESCALATE,MEDIUM,ambiguous,We haven't made an announcement on it yet. I'll be certain to pass this on as a feedback internally. &amp;PB,2-turn Twitter exchange,Stratified sample for ambiguous category; baseline expected action: ESCALATE,OTHER,ESCALATE,PENDING_HUMAN_REVIEW,"Ambiguous, truncated, or out-of-domain message lacking sufficient context for safe self-service; requires human routing."
97,conv_1339616,ordered phone on twice money got deducted from acc &amp; twice amazon says payment failed. on retrying they charging more. Disgusting.,PAYMENT_AND_BILLING_ISSUE,ESCALATE,HIGH,high_risk,That's strange ! Have you tried contacting us here: [LINK] so that we can assist you accordingly.,9-turn Twitter exchange,Stratified sample for high_risk category; baseline expected action: ESCALATE,PAYMENT_AND_BILLING_ISSUE,ESCALATE,PENDING_HUMAN_REVIEW,Regulated financial/security inquiry (PAYMENT_AND_BILLING_ISSUE); strict escalation policy enforces human handoff.
98,conv_1421287,This is now regular. Buy something with promise of delivery next day. Then say sorry and push delivery by 3 days. What is d point? [LINK],DELIVERY_DELAY,AUTO,LOW,common_support,"I'm sorry about the delay. We try our best to deliver the orders on time. However, due to an unprecedented delay, the 1/2",7-turn Twitter exchange,Stratified sample for common_support category; baseline expected action: AUTO,DELIVERY_DELAY,AUTO,PENDING_HUMAN_REVIEW,Standard self-service support inquiry for DELIVERY_DELAY; eligible for automated guidance with link precedent.
99,conv_2529521,"Change your carrier for items coming from Maidstone depot, they have yet again failed to deliver my item! #ShitService",PACKAGE_DELIVERED_NOT_RECEIVED,AUTO,MEDIUM,common_support,"Sorry to hear you've had an issue. Without personal info, did you receive a delivery card?",11-turn Twitter exchange,Stratified sample for common_support category; baseline expected action: AUTO,PACKAGE_DELIVERED_NOT_RECEIVED,AUTO,PENDING_HUMAN_REVIEW,Standard order exception (PACKAGE_DELIVERED_NOT_RECEIVED); self-service return/troubleshooting link is safe baseline.
100,conv_1062286,"Why do I pay for prime membership to get 2 days shipping and Delivery estimate: Thursday, October 19, 2017 by 8 PM ?",PRIME_MEMBERSHIP_INQUIRY,AUTO,LOW,common_support,"Two-Day Shipping refers to transit time, in business days, once shipped. Details can be found here: [LINK]",2-turn Twitter exchange,Stratified sample for common_support category; baseline expected action: AUTO,PRIME_MEMBERSHIP_INQUIRY,AUTO,PENDING_HUMAN_REVIEW,Standard inquiry for PRIME_MEMBERSHIP_INQUIRY; baseline expected action: AUTO.
101,conv_660336,"Basically my whole #amazon #amzl experience just as shitty as everything here [LINK] But we knew that 2-day delivery things was unsustainable anyhow, didn't we?",DELIVERY_DELAY,AUTO,LOW,common_support,"Oh no, Terrie! I'm sorry to hear you've had a poor experience, it's never our intent to let you down. Without divulging any personal information, would you tell us more about the issues you're facing? We'd like to help where we can.",4-turn Twitter exchange,Stratified sample for common_support category; baseline expected action: AUTO,DELIVERY_DELAY,AUTO,PENDING_HUMAN_REVIEW,Standard self-service support inquiry for DELIVERY_DELAY; eligible for automated guidance with link precedent.
102,conv_861905,"Amazon notification- ""Your parcel has been given to a resident/neighbour"" Reality- ""I've shoved your parcel into a bin""",PACKAGE_DELIVERED_NOT_RECEIVED,AUTO,MEDIUM,common_support,I'm sorry for the poor delivery. Was there any damage to your parcel?,2-turn Twitter exchange,Stratified sample for common_support category; baseline expected action: AUTO,PACKAGE_DELIVERED_NOT_RECEIVED,AUTO,PENDING_HUMAN_REVIEW,Standard order exception (PACKAGE_DELIVERED_NOT_RECEIVED); self-service return/troubleshooting link is safe baseline.
103,conv_315018,"ORDER #4__credit_card__ your services are the shit. You can never become the ""Earth's Most Customer-Centric Company""(4)",UNAUTHORIZED_TRANSACTION_FRAUD,ESCALATE,CRITICAL,high_risk,Sorry about the unpleasant experience. I'd like to help. Please write to us here: [LINK] ^SA 1/3,4-turn Twitter exchange,Stratified sample for high_risk category; baseline expected action: ESCALATE,UNAUTHORIZED_TRANSACTION_FRAUD,ESCALATE,PENDING_HUMAN_REVIEW,Regulated financial/security inquiry (UNAUTHORIZED_TRANSACTION_FRAUD); strict escalation policy enforces human handoff.
104,conv_425137,I have never received this order. Never signed. How come this was delivered to the customer directly? This is fraud...I need my money back. [LINK],UNAUTHORIZED_TRANSACTION_FRAUD,ESCALATE,CRITICAL,high_risk,We would like to help you. Please share your details with us here: [LINK] We'll get in touch shortly. Please don't provide your order details as we consider it personal information. Our twitter page is visible to public.,52-turn Twitter exchange,Stratified sample for high_risk category; baseline expected action: ESCALATE,UNAUTHORIZED_TRANSACTION_FRAUD,ESCALATE,PENDING_HUMAN_REVIEW,High-risk unauthorized activity or fraud claim detected. Mandatory human escalation (CRITICAL risk).
105,conv_2616464,"I have placed an order for micro USB lighting adapter for Apple device on 05th of October,but still I have have not received. It was to deliver on 26th of October 2017",WRONG_ITEM_RECEIVED,AUTO,MEDIUM,common_support,"Apologies for the inconvenience. Have you reported this to our support team? If not, you can do that here: [LINK] so that they can assist accordingly. Bhargav | Amazon Customer Service",2-turn Twitter exchange,Stratified sample for common_support category; baseline expected action: AUTO,WRONG_ITEM_RECEIVED,AUTO,PENDING_HUMAN_REVIEW,Standard order exception (WRONG_ITEM_RECEIVED); self-service return/troubleshooting link is safe baseline.
106,conv_2776355,I PLACED ORDER IN AMAZONE A EMAIL GIFT CARD WORTH RS 225 MY BALANCE WAS DEDUCTED IN MY ACOUNT BUT I CAN NOT GET ANY MSG EMAIL AFTER THESE I CONTACT WITH CUSTUMER SERVICE SUPPORT BUT THEY CAN NOT RETURN MY BALANCE SHAME ON YOU AMAZONE LOOT RAHE HO TUM INDIAN CUSTOMER KO,UNAUTHORIZED_TRANSACTION_FRAUD,ESCALATE,CRITICAL,high_risk,I'm sorry to hear that! We apologize for the inconvenience. Kindly share your details here: [LINK] and we’ll contact you soon.,2-turn Twitter exchange,Stratified sample for high_risk category; baseline expected action: ESCALATE,UNAUTHORIZED_TRANSACTION_FRAUD,ESCALATE,PENDING_HUMAN_REVIEW,Regulated financial/security inquiry (UNAUTHORIZED_TRANSACTION_FRAUD); strict escalation policy enforces human handoff.
107,conv_2805851,My package isn't here as promised. Chat disconnected. Phone support transferred me to synch bank(?). Not sure I want to pay from prime to be so abused by Amazon staff.,DELIVERY_DELAY,AUTO,LOW,common_support,I am really sorry for this poor experience. You can provide feedback to their manager through the survey which has been e-mailed to you. We'd like to help! What is the expected delivery date for your order?,5-turn Twitter exchange,Stratified sample for common_support category; baseline expected action: AUTO,DELIVERY_DELAY,AUTO,PENDING_HUMAN_REVIEW,Standard self-service support inquiry for DELIVERY_DELAY; eligible for automated guidance with link precedent.
108,conv_2378254,founder of Amazon will kindly intervene to refund the amount paid by me for the mob one plus 5 on 27/10/17 from Amazon. I have exhausted my patience and no one is helping in amazon despite my best follow up by mails and calls.,CANCELLATION_REQUEST,AUTO,LOW,common_support,Sorry to know about the delay with the refund. Please understand we can't gain access to your account via Twitter. Kindly share your details as requested here: [LINK] so that we can gain access to your account and check the refund issue.,4-turn Twitter exchange,Stratified sample for common_support category; baseline expected action: AUTO,CANCELLATION_REQUEST,AUTO,PENDING_HUMAN_REVIEW,Standard inquiry for CANCELLATION_REQUEST; baseline expected action: AUTO.
109,conv_2588269,I was supposed to receive my items Friday and they still haven't shipped,WRONG_ITEM_RECEIVED,AUTO,MEDIUM,common_support,"When using the link from ^AY, what was the estimated delivery date? Also, was it fulfilled by Amazon or a seller?",3-turn Twitter exchange,Stratified sample for common_support category; baseline expected action: AUTO,WRONG_ITEM_RECEIVED,AUTO,PENDING_HUMAN_REVIEW,Standard order exception (WRONG_ITEM_RECEIVED); self-service return/troubleshooting link is safe baseline.
110,conv_2628897,I have purchased a TV from your site and today sudden receive a cancellation mail because of pricing issue??5days spend now ur cs team ask cancellation due to wring pricing this is fraud case that u mentioned a wrong price my order no 402-5464344-9005130,UNAUTHORIZED_TRANSACTION_FRAUD,ESCALATE,CRITICAL,high_risk,"We apologize for the unforeseen cancellation. I will share your comments internally to ensure there are no such misses in the future. Please don't provide your order details, we consider it to be personal information. Our page is visible to the public.",4-turn Twitter exchange,Stratified sample for high_risk category; baseline expected action: ESCALATE,UNAUTHORIZED_TRANSACTION_FRAUD,ESCALATE,PENDING_HUMAN_REVIEW,High-risk unauthorized activity or fraud claim detected. Mandatory human escalation (CRITICAL risk).
111,conv_2061594,"Hey, How is it that Google can strip my 2-step verification after a change of phone # in 15 minutes, but I am on day 2 of waiting for you to do the same even after I gave you the info you requested?",ACCOUNT_ACCESS_SECURITY,ESCALATE,HIGH,high_risk,"Hi, Zach! To clarify, were you attempting to disable Two-Step verification or update settings with the new contact number? We're here to help in any way we can!",9-turn Twitter exchange,Stratified sample for high_risk category; baseline expected action: ESCALATE,ACCOUNT_ACCESS_SECURITY,ESCALATE,PENDING_HUMAN_REVIEW,Regulated financial/security inquiry (ACCOUNT_ACCESS_SECURITY); strict escalation policy enforces human handoff.
112,conv_2377191,I love how Amazon says that a delivery was attempted when no delivery was attempted.,DELIVERY_DELAY,AUTO,LOW,common_support,I'm sorry for the frustration! Carriers will typically attempt to redeliver on the next business day. Please let us know if it doesn't come by tomorrow!,2-turn Twitter exchange,Stratified sample for common_support category; baseline expected action: AUTO,DELIVERY_DELAY,AUTO,PENDING_HUMAN_REVIEW,Standard self-service support inquiry for DELIVERY_DELAY; eligible for automated guidance with link precedent.
113,conv_1124096,"I forgot to mention gst number for a recent purchase, can i get a new bill with updated gst please. How to get one???",OTHER,ESCALATE,MEDIUM,ambiguous,Kindly connect with our team here: [LINK] and we'll have it checked,3-turn Twitter exchange,Stratified sample for ambiguous category; baseline expected action: ESCALATE,OTHER,ESCALATE,PENDING_HUMAN_REVIEW,"Ambiguous, truncated, or out-of-domain message lacking sufficient context for safe self-service; requires human routing."
114,conv_101751,"amazonIN Order id-4__credit_card__. Order date-4th oct 2017. Payment already done. But till today, haven't received my order. Wrote 2 separate mails also, but not proper reply from your side. Highly disappointed. Is this the way u treat your customers?? [LINK]",PAYMENT_AND_BILLING_ISSUE,ESCALATE,HIGH,high_risk,We would like to help you. Please share your details with us here: [LINK] We'll get in touch shortly. Please don't provide your order details as we consider it personal information. Our twitter page is visible to public.,2-turn Twitter exchange,Stratified sample for high_risk category; baseline expected action: ESCALATE,PAYMENT_AND_BILLING_ISSUE,ESCALATE,PENDING_HUMAN_REVIEW,Regulated financial/security inquiry (PAYMENT_AND_BILLING_ISSUE); strict escalation policy enforces human handoff.
115,conv_879161,need help. Order id 405-5957767-6911522,CANCELLATION_REQUEST,AUTO,LOW,common_support,We don't have access to your Amazon order info via Twitter. Kindly connect with us here: [LINK] (1/2),7-turn Twitter exchange,Stratified sample for common_support category; baseline expected action: AUTO,CANCELLATION_REQUEST,AUTO,PENDING_HUMAN_REVIEW,Standard inquiry for CANCELLATION_REQUEST; baseline expected action: AUTO.
116,conv_1676602,have been charged for annual Prime membership!! Did not sign up for this...how do I get a refund?,PRIME_MEMBERSHIP_INQUIRY,AUTO,LOW,common_support,"I'm sorry, Susan! Please use this link to cancel the membership and receive any eligible refund: [LINK]",4-turn Twitter exchange,Stratified sample for common_support category; baseline expected action: AUTO,PRIME_MEMBERSHIP_INQUIRY,AUTO,PENDING_HUMAN_REVIEW,Standard inquiry for PRIME_MEMBERSHIP_INQUIRY; baseline expected action: AUTO.
117,conv_42573,"Trying to cancel an order on but the website and app page come up blank when I hit ""cancel order""",CANCELLATION_REQUEST,AUTO,LOW,common_support,"Oh no! We can help you with this, Annie! Just give us a quick call or chat here so we can assist: [LINK]",2-turn Twitter exchange,Stratified sample for common_support category; baseline expected action: AUTO,CANCELLATION_REQUEST,AUTO,PENDING_HUMAN_REVIEW,Standard inquiry for CANCELLATION_REQUEST; baseline expected action: AUTO.
118,conv_294347,tracking number 962119647 . Been following up since past one week . No one called and no delivery . order .,ORDER_TRACKING_STATUS,AUTO,LOW,common_support,Apologies for the hassle. Please contact us here: [LINK] and we'll help you with this. (1/2),3-turn Twitter exchange,Stratified sample for common_support category; baseline expected action: AUTO,ORDER_TRACKING_STATUS,AUTO,PENDING_HUMAN_REVIEW,Standard self-service support inquiry for ORDER_TRACKING_STATUS; eligible for automated guidance with link precedent.
119,conv_448760,"I keep getting a message saying payment revision needed, card keeps declining. I already checked to make sure everything i put in was correct and i still get the message, HELP!",PAYMENT_AND_BILLING_ISSUE,ESCALATE,HIGH,high_risk,I'm sorry for the trouble with your payment. Have you tried deleting your card from the account and adding it once more: [LINK] I also recommend contacting your bank for more details.,4-turn Twitter exchange,Stratified sample for high_risk category; baseline expected action: ESCALATE,PAYMENT_AND_BILLING_ISSUE,ESCALATE,PENDING_HUMAN_REVIEW,Regulated financial/security inquiry (PAYMENT_AND_BILLING_ISSUE); strict escalation policy enforces human handoff.
120,conv_1666208,"Order not received Order# 402-8236444-9314749 Status:Delivered yesterday Courier: Delhivery, Tracking #: 5180792515113",PACKAGE_DELIVERED_NOT_RECEIVED,AUTO,MEDIUM,common_support,We understand you are yet to receive your order. I'm sorry the tracking status was marked as delivered and you have not yet received the product. Let me investigate this further and help assist. Kindly fill in your details here [LINK] (1/2),3-turn Twitter exchange,Stratified sample for common_support category; baseline expected action: AUTO,PACKAGE_DELIVERED_NOT_RECEIVED,AUTO,PENDING_HUMAN_REVIEW,Standard order exception (PACKAGE_DELIVERED_NOT_RECEIVED); self-service return/troubleshooting link is safe baseline.
121,conv_967186,what's ur action if is cheating. 708793777382 this item is not delivered. But it is marked as delivered.,PACKAGE_DELIVERED_NOT_RECEIVED,AUTO,MEDIUM,common_support,"Sorry to know you haven't received the refund. I'd like to take a closer look into this, please share your details 1/3",4-turn Twitter exchange,Stratified sample for common_support category; baseline expected action: AUTO,PACKAGE_DELIVERED_NOT_RECEIVED,AUTO,PENDING_HUMAN_REVIEW,Standard order exception (PACKAGE_DELIVERED_NOT_RECEIVED); self-service return/troubleshooting link is safe baseline.
122,conv_851614,that has not happened with my order for a product which I placed for my email id is __email__,WRONG_ITEM_RECEIVED,AUTO,MEDIUM,common_support,"Well, that's strange, Rahul. Have you tried reporting this to our support team here: [LINK] ?",4-turn Twitter exchange,Stratified sample for common_support category; baseline expected action: AUTO,WRONG_ITEM_RECEIVED,AUTO,PENDING_HUMAN_REVIEW,Standard order exception (WRONG_ITEM_RECEIVED); self-service return/troubleshooting link is safe baseline.
123,conv_346055,facing problem since last month. Yesterday I ordered and chossed payment option COD. MY ORDER GET CANCELLED BY AMAZON. .,PAYMENT_AND_BILLING_ISSUE,ESCALATE,HIGH,high_risk,A canceled order is followed by an email explaining the reason for cancellation. More info: [LINK],5-turn Twitter exchange,Stratified sample for high_risk category; baseline expected action: ESCALATE,PAYMENT_AND_BILLING_ISSUE,ESCALATE,PENDING_HUMAN_REVIEW,Regulated financial/security inquiry (PAYMENT_AND_BILLING_ISSUE); strict escalation policy enforces human handoff.
124,conv_363987,ok i got an email saying payment declined but the money has left my account what is the truth,PAYMENT_AND_BILLING_ISSUE,ESCALATE,HIGH,high_risk,I'm sorry for the trouble with the order! What site did you use to order? Was it [LINK] .co.uk or another?,2-turn Twitter exchange,Stratified sample for high_risk category; baseline expected action: ESCALATE,PAYMENT_AND_BILLING_ISSUE,ESCALATE,PENDING_HUMAN_REVIEW,Regulated financial/security inquiry (PAYMENT_AND_BILLING_ISSUE); strict escalation policy enforces human handoff.
125,conv_548018,"That ""attempted"" delivery email I just got was clearly a lie. I have been in my apartment pretty much all day and there was never a knock on the door. Furthermore, the notice of attempted delivery is not in my mail box. Im quite annoyed",PACKAGE_DELIVERED_NOT_RECEIVED,AUTO,MEDIUM,common_support,"Thank you for contacting us, Becky! I am sorry this delivery attempt was unsuccessful. We are here to help! Just to clarify, could you confirm the carrier for delivery as shown here in your orders: [LINK]",4-turn Twitter exchange,Stratified sample for common_support category; baseline expected action: AUTO,PACKAGE_DELIVERED_NOT_RECEIVED,AUTO,PENDING_HUMAN_REVIEW,Standard order exception (PACKAGE_DELIVERED_NOT_RECEIVED); self-service return/troubleshooting link is safe baseline.
126,conv_1044208,"-405-0228637-4384323 this has been FedEx since 10 days, they said wrong address, when my friend went collect no",PACKAGE_DELIVERED_NOT_RECEIVED,AUTO,MEDIUM,common_support,Please don’t provide your details as we consider them to be personal information. Our Twitter page is public. ^SA 2/2,4-turn Twitter exchange,Stratified sample for common_support category; baseline expected action: AUTO,PACKAGE_DELIVERED_NOT_RECEIVED,AUTO,PENDING_HUMAN_REVIEW,Standard order exception (PACKAGE_DELIVERED_NOT_RECEIVED); self-service return/troubleshooting link is safe baseline.
127,conv_2358919,"When you order a ""cutlery"" tray but sends you a pillow thing instead, and the item isn't eligible for return? [LINK]",RETURN_EXCHANGE_INQUIRY,AUTO,LOW,rare_intent,"Oh goodness! I'm sorry that the wrong item was sent. Let's look into available options together! When you have a moment, please reach us here: [LINK]",2-turn Twitter exchange,Stratified sample for rare_intent category; baseline expected action: AUTO,RETURN_EXCHANGE_INQUIRY,AUTO,PENDING_HUMAN_REVIEW,Standard self-service support inquiry for RETURN_EXCHANGE_INQUIRY; eligible for automated guidance with link precedent.
128,conv_2969439,so you just let people steal from their customers on your site and do nothing ? You just lost a customer .,UNAUTHORIZED_TRANSACTION_FRAUD,ESCALATE,CRITICAL,high_risk,"I'm terribly sorry for the poor experience! We'd like to help. Without revealing order or account specific information, could you tell us more about the issue at hand?",11-turn Twitter exchange,Stratified sample for high_risk category; baseline expected action: ESCALATE,UNAUTHORIZED_TRANSACTION_FRAUD,ESCALATE,PENDING_HUMAN_REVIEW,Regulated financial/security inquiry (UNAUTHORIZED_TRANSACTION_FRAUD); strict escalation policy enforces human handoff.
129,conv_1037046,hola existe app para Sony Bravia Amazon Prime video?,DIGITAL_SERVICES_AND_DEVICE,AUTO,LOW,common_support,"Hola, Bernice. Actualmente estos son los dispositivos compatibles: [LINK]",2-turn Twitter exchange,Stratified sample for common_support category; baseline expected action: AUTO,DIGITAL_SERVICES_AND_DEVICE,AUTO,PENDING_HUMAN_REVIEW,Standard self-service support inquiry for DIGITAL_SERVICES_AND_DEVICE; eligible for automated guidance with link precedent.
130,conv_2953654,. whoever does your deliveries in my block of flats is terrible. It is just dumped at the front entrance or left somewhere. At least 3 flats excluding myself have had packages gone missing. #terribleservice #fixit,PACKAGE_DELIVERED_NOT_RECEIVED,AUTO,MEDIUM,common_support,"Hello Michelle, we're very sorry that this is happening. We would like to help! Have we been able to assist in locating or providing assistance with the order that you have not received?",3-turn Twitter exchange,Stratified sample for common_support category; baseline expected action: AUTO,PACKAGE_DELIVERED_NOT_RECEIVED,AUTO,PENDING_HUMAN_REVIEW,Standard order exception (PACKAGE_DELIVERED_NOT_RECEIVED); self-service return/troubleshooting link is safe baseline.
131,conv_390008,Hi Amazon my account has been closed without reason please help . There is no proper response from __email__,ACCOUNT_ACCESS_SECURITY,ESCALATE,HIGH,high_risk,"We're following up on your concern, here: [LINK]",2-turn Twitter exchange,Stratified sample for high_risk category; baseline expected action: ESCALATE,ACCOUNT_ACCESS_SECURITY,ESCALATE,PENDING_HUMAN_REVIEW,Regulated financial/security inquiry (ACCOUNT_ACCESS_SECURITY); strict escalation policy enforces human handoff.
132,conv_529063,"I am highly disappointed with Amazons service, my order# 404-4688706-1243534 was supposed to be delivered by yesterday as a gift to a friend and yet not delivered. Your customer support has been of no help in tracking my. Disappointed!",ORDER_TRACKING_STATUS,AUTO,LOW,common_support,"Please don't provide your order details, we consider it to be personal information. Our page is visible to the public. 2/2",3-turn Twitter exchange,Stratified sample for common_support category; baseline expected action: AUTO,ORDER_TRACKING_STATUS,AUTO,PENDING_HUMAN_REVIEW,Standard self-service support inquiry for ORDER_TRACKING_STATUS; eligible for automated guidance with link precedent.
133,conv_2318143,Is feels like we are getting fooled by purchasing item during offers. Bought one item during offer. Product was defective so opt for replacement but it didn't happened so you refund the amount by subtracting the offer value and that too in Amazon pay. Simply fooling us. [LINK],DAMAGED_OR_DEFECTIVE_ITEM,AUTO,MEDIUM,common_support,"I understand your concern. We’d like to help you. Please fill this form: [LINK] and we’ll contact you soon. Please don't provide your order details, we consider it to be personal information. Our page is visible to the public.",5-turn Twitter exchange,Stratified sample for common_support category; baseline expected action: AUTO,DAMAGED_OR_DEFECTIVE_ITEM,AUTO,PENDING_HUMAN_REVIEW,Standard order exception (DAMAGED_OR_DEFECTIVE_ITEM); self-service return/troubleshooting link is safe baseline.
134,conv_173525,Amazon Japan has not charged me for Misfire yet. Am concerned I'm not going to get it. :\,PAYMENT_AND_BILLING_ISSUE,ESCALATE,HIGH,high_risk,"Hi, Are you worried about something? We do not have access to your account details over Twitter. Kindly reach out to us at: [LINK] TY",2-turn Twitter exchange,Stratified sample for high_risk category; baseline expected action: ESCALATE,PAYMENT_AND_BILLING_ISSUE,ESCALATE,PENDING_HUMAN_REVIEW,Regulated financial/security inquiry (PAYMENT_AND_BILLING_ISSUE); strict escalation policy enforces human handoff.
135,conv_679886,My order is expected to arrive tomorrow. Plz deliver it asap or by today evening. It's urgent. Please help.,ORDER_TRACKING_STATUS,AUTO,LOW,common_support,"I understand the urgency of your request, Sushil. However, our products are shipped on time so they can reach you by the estimated delivery date. Request you to please wait. Appreciate your patience.",4-turn Twitter exchange,Stratified sample for common_support category; baseline expected action: AUTO,ORDER_TRACKING_STATUS,AUTO,PENDING_HUMAN_REVIEW,Standard self-service support inquiry for ORDER_TRACKING_STATUS; eligible for automated guidance with link precedent.
136,conv_703042,"amazon pay cashback not received mailed my issue no response yet , waiting for 20 days",REFUND_NOT_RECEIVED,AUTO,MEDIUM,common_support,"I'm sorry for the inconvenience, Raman. We'd like to help you with this, you may call or chat with us here: [LINK] .",2-turn Twitter exchange,Stratified sample for common_support category; baseline expected action: AUTO,REFUND_NOT_RECEIVED,AUTO,PENDING_HUMAN_REVIEW,Standard inquiry for REFUND_NOT_RECEIVED; baseline expected action: AUTO.
137,conv_472391,"Had to wait ages to get through to manager for this so called Prime service. Their customer service is just like their 'prime'. Slow, unreliable and unhelpful! Really bad service with prime",DELIVERY_DELAY,AUTO,LOW,common_support,Sorry to hear this - did we confirm the order status ?,4-turn Twitter exchange,Stratified sample for common_support category; baseline expected action: AUTO,DELIVERY_DELAY,AUTO,PENDING_HUMAN_REVIEW,Standard self-service support inquiry for DELIVERY_DELAY; eligible for automated guidance with link precedent.
138,conv_1651679,"I have received a message that my order has been delivered yesterday, but have still not received the product I ordered.",WRONG_ITEM_RECEIVED,AUTO,MEDIUM,common_support,Sorry for the hassle Pratik. Please report this to our support team here: [LINK] and we'll check this.,2-turn Twitter exchange,Stratified sample for common_support category; baseline expected action: AUTO,WRONG_ITEM_RECEIVED,AUTO,PENDING_HUMAN_REVIEW,Standard order exception (WRONG_ITEM_RECEIVED); self-service return/troubleshooting link is safe baseline.
139,conv_2187370,Bought a book on and it has been shipped from Atlanta to Illinois to Pennsylvania. Delivery date to DC might be never.,ORDER_TRACKING_STATUS,AUTO,LOW,common_support,"Hi, Jacob! Pls let us know if it doesn't arrive by the date given via checkout/e-mail. We're happy to help any way we can.",4-turn Twitter exchange,Stratified sample for common_support category; baseline expected action: AUTO,ORDER_TRACKING_STATUS,AUTO,PENDING_HUMAN_REVIEW,Standard self-service support inquiry for ORDER_TRACKING_STATUS; eligible for automated guidance with link precedent.
140,conv_382595,how long does it take to issue a refund? I've been waiting since the 3rd to get a refund,REFUND_NOT_RECEIVED,AUTO,MEDIUM,common_support,Refunds can take a maximum of 5-7 business days. Did you receive a confirmation email when it was requested?,6-turn Twitter exchange,Stratified sample for common_support category; baseline expected action: AUTO,REFUND_NOT_RECEIVED,AUTO,PENDING_HUMAN_REVIEW,Standard inquiry for REFUND_NOT_RECEIVED; baseline expected action: AUTO.
141,conv_2483967,got items deliverers today. However the pyjamas have not been delivered as stated. Please advise [LINK],GENERAL_INQUIRY_FEEDBACK,AUTO,LOW,rare_intent,"I am so sorry your pajamas have not arrived yet! There is nothing like a new set of pajamas! See if this answers your question [LINK] If not, let us know, we are here to help!",9-turn Twitter exchange,Stratified sample for rare_intent category; baseline expected action: AUTO,GENERAL_INQUIRY_FEEDBACK,AUTO,PENDING_HUMAN_REVIEW,Standard inquiry for GENERAL_INQUIRY_FEEDBACK; baseline expected action: AUTO.
142,conv_260829,". I guess it was some new definition of ""delivering today"" that I wasn't previously aware of.",GENERAL_INQUIRY_FEEDBACK,AUTO,LOW,rare_intent,"Hello there! We're here to help! W/o posting personal account information, tell us more about how we can assist today.",8-turn Twitter exchange,Stratified sample for rare_intent category; baseline expected action: AUTO,GENERAL_INQUIRY_FEEDBACK,AUTO,PENDING_HUMAN_REVIEW,Standard inquiry for GENERAL_INQUIRY_FEEDBACK; baseline expected action: AUTO.
143,conv_474345,Now a days has a new technic of selling goods. Once sold will be never taken back No matter of your several return request. [LINK],RETURN_EXCHANGE_INQUIRY,AUTO,LOW,rare_intent,"into it. Also, don’t provide your order details as its personal information. Our Twitter page is visible to public. 2/2",3-turn Twitter exchange,Stratified sample for rare_intent category; baseline expected action: AUTO,RETURN_EXCHANGE_INQUIRY,AUTO,PENDING_HUMAN_REVIEW,Standard self-service support inquiry for RETURN_EXCHANGE_INQUIRY; eligible for automated guidance with link precedent.
144,conv_57421,#HearUsAmazon Fed up with garbage returns / No Track on our returns [LINK],ORDER_TRACKING_STATUS,AUTO,LOW,common_support,Sorry about the trouble with the returns. Please connect with us here: [LINK] and we'll get this checked.,4-turn Twitter exchange,Stratified sample for common_support category; baseline expected action: AUTO,ORDER_TRACKING_STATUS,AUTO,PENDING_HUMAN_REVIEW,Standard self-service support inquiry for ORDER_TRACKING_STATUS; eligible for automated guidance with link precedent.
145,conv_2483756,I'm trying to link my Amazon prime with twitch to enable Twitch Prime but it wont work I've tried multiple times [LINK],DIGITAL_SERVICES_AND_DEVICE,AUTO,LOW,common_support,Quick question. Is the Amazon account you're linking an invitee or part of a household?,4-turn Twitter exchange,Stratified sample for common_support category; baseline expected action: AUTO,DIGITAL_SERVICES_AND_DEVICE,AUTO,PENDING_HUMAN_REVIEW,Standard self-service support inquiry for DIGITAL_SERVICES_AND_DEVICE; eligible for automated guidance with link precedent.
146,conv_1585043,D whole day my family was at home jst waitin for d package. EOD a msg is send by Amazon dt no1 was @ home - 4__credit_card__,PACKAGE_DELIVERED_NOT_RECEIVED,AUTO,MEDIUM,common_support,We apologize for the inaccurate tracking information. We'd like to help you. Please contact us here: [LINK],3-turn Twitter exchange,Stratified sample for common_support category; baseline expected action: AUTO,PACKAGE_DELIVERED_NOT_RECEIVED,AUTO,PENDING_HUMAN_REVIEW,Standard order exception (PACKAGE_DELIVERED_NOT_RECEIVED); self-service return/troubleshooting link is safe baseline.
147,conv_1442664,"thank you for playing smart, delevering COD on priority &amp; enjoying the Surplus of adavanced payment &amp; delivering late.",GENERAL_INQUIRY_FEEDBACK,AUTO,LOW,common_support,"That's quite a remark! Delivery estimates are calculated depending on various factors like location it is being shipped to, 1/n",3-turn Twitter exchange,Stratified sample for common_support category; baseline expected action: AUTO,DELIVERY_DELAY,AUTO,PENDING_HUMAN_REVIEW,Customer expression of praise/compliment misclassified by keyword matching as DELIVERY_DELAY; proposed as GENERAL_INQUIRY_FEEDBACK (safe auto-handling). | Standard self-service support inquiry for DELIVERY_DELAY; eligible for automated guidance with link precedent.
148,conv_740430,Errm wait so what am I getting ? Not looking like it's going to be what I ordered.... [LINK],WRONG_ITEM_RECEIVED,AUTO,MEDIUM,common_support,Hi Liam. Just to confirm you ordered : [LINK] correct?,7-turn Twitter exchange,Stratified sample for common_support category; baseline expected action: AUTO,WRONG_ITEM_RECEIVED,AUTO,PENDING_HUMAN_REVIEW,Standard order exception (WRONG_ITEM_RECEIVED); self-service return/troubleshooting link is safe baseline.
149,conv_270641,please have some start checking your DCs and carriers(ontrac). Poor packaging. You could easily grab the contents and bad handling. [LINK],DAMAGED_OR_DEFECTIVE_ITEM,AUTO,MEDIUM,common_support,I'm so sorry for trouble! We'd love to take your packaging feedback here: [LINK] Is your order okay?,4-turn Twitter exchange,Stratified sample for common_support category; baseline expected action: AUTO,DAMAGED_OR_DEFECTIVE_ITEM,AUTO,PENDING_HUMAN_REVIEW,Standard order exception (DAMAGED_OR_DEFECTIVE_ITEM); self-service return/troubleshooting link is safe baseline.
150,conv_354023,on a single #android tab can't I log into #PrimeVideo and #Kindle with two different IDs?,DIGITAL_SERVICES_AND_DEVICE,AUTO,LOW,common_support,You'll be able to use 2 different account for both the apps.,6-turn Twitter exchange,Stratified sample for common_support category; baseline expected action: AUTO,DIGITAL_SERVICES_AND_DEVICE,AUTO,PENDING_HUMAN_REVIEW,Standard self-service support inquiry for DIGITAL_SERVICES_AND_DEVICE; eligible for automated guidance with link precedent.
151,conv_127448,"- love ordering from you guys and I shop all the time but stop using Intellcom Courier. The deliveries never get here on time (like the one due here now), they are unprofessional and the last guy showed up with a cigarette hanging out of his face. Seriously. #amazon",GENERAL_INQUIRY_FEEDBACK,AUTO,LOW,rare_intent,I'm so sorry for the poor experience you've had with your deliveries. We'd like to speak with you about this and see what we can do. Please reach out to us via phone or chat here: [LINK],2-turn Twitter exchange,Stratified sample for rare_intent category; baseline expected action: AUTO,GENERAL_INQUIRY_FEEDBACK,AUTO,PENDING_HUMAN_REVIEW,Standard inquiry for GENERAL_INQUIRY_FEEDBACK; baseline expected action: AUTO.
152,conv_2911715,Not real happy and . My stuff not here and now wont be here til friday. So much for two day delivery. #amazon #ups,GENERAL_INQUIRY_FEEDBACK,AUTO,LOW,rare_intent,I'm so sorry for the delay! Please keep us posted when your package arrives! We want to make sure you get it!,2-turn Twitter exchange,Stratified sample for rare_intent category; baseline expected action: AUTO,GENERAL_INQUIRY_FEEDBACK,AUTO,PENDING_HUMAN_REVIEW,Standard inquiry for GENERAL_INQUIRY_FEEDBACK; baseline expected action: AUTO.
153,conv_2178016,"The contents is the new Akira hardcover book boxset, the packing is totally inadequate, the contents is being damaged because of it.",DAMAGED_OR_DEFECTIVE_ITEM,AUTO,MEDIUM,common_support,I'm so sorry to see this! Were any of the items in this package damaged upon arrival?,5-turn Twitter exchange,Stratified sample for common_support category; baseline expected action: AUTO,DAMAGED_OR_DEFECTIVE_ITEM,AUTO,PENDING_HUMAN_REVIEW,Standard order exception (DAMAGED_OR_DEFECTIVE_ITEM); self-service return/troubleshooting link is safe baseline.
154,conv_2734334,"I do wonder why I pay for Prime when they can't deliver an item when they say, not the first time it has happened either.",DELIVERY_DELAY,AUTO,LOW,common_support,I am sorry if we missed the mark in processing your order. Rest assured that is not at all the experience we want you to have. What was the expected delivery date provided to you by email when the item was dispatched?,3-turn Twitter exchange,Stratified sample for common_support category; baseline expected action: AUTO,DELIVERY_DELAY,AUTO,PENDING_HUMAN_REVIEW,Standard self-service support inquiry for DELIVERY_DELAY; eligible for automated guidance with link precedent.
155,conv_2440745,"12 items 12 orders this month have not arrived on time and some haven't arrived at all. Their customer service isn't helping at all. This is only getting worse, and it's now giving me severe anxiety. Having to call up every day is exhausting! :(",DELIVERY_DELAY,AUTO,LOW,common_support,I'm so sorry about the delayed packages and the poor customer experience! We are happy to assist you with this. Have you noticed this happening with a certain courier?,6-turn Twitter exchange,Stratified sample for common_support category; baseline expected action: AUTO,DELIVERY_DELAY,AUTO,PENDING_HUMAN_REVIEW,Standard self-service support inquiry for DELIVERY_DELAY; eligible for automated guidance with link precedent.
156,conv_423202,"Waybill No : 57990878562, All FAKE updates... when am i getting my shipment delivered?????????????????????????",ORDER_TRACKING_STATUS,AUTO,LOW,common_support,"Please don't provide your order details, as we consider it to be personal information. Our Twitter page is public.​",2-turn Twitter exchange,Stratified sample for common_support category; baseline expected action: AUTO,ORDER_TRACKING_STATUS,AUTO,PENDING_HUMAN_REVIEW,Standard self-service support inquiry for ORDER_TRACKING_STATUS; eligible for automated guidance with link precedent.
157,conv_2592167,the verification codes you send me are invalid so I can't sign in.,ACCOUNT_ACCESS_SECURITY,ESCALATE,HIGH,high_risk,I apologize for the inconvenience! We don't have access to your account via Twitter. Please click on the link here so we can better assist you: [LINK],2-turn Twitter exchange,Stratified sample for high_risk category; baseline expected action: ESCALATE,ACCOUNT_ACCESS_SECURITY,ESCALATE,PENDING_HUMAN_REVIEW,Regulated financial/security inquiry (ACCOUNT_ACCESS_SECURITY); strict escalation policy enforces human handoff.
158,conv_1271639,Dear am I wrong in asking refund for this? #nokiascam #scamdeal #amazonscam #NewsAlert #news #harassment [LINK],UNAUTHORIZED_TRANSACTION_FRAUD,ESCALATE,MEDIUM,common_support,"I'm extremely sorry about this experience, Shariq. This is certainly not what we intended. Please report this to our support team here: [LINK] and we'll look into this.",16-turn Twitter exchange,Stratified sample for common_support category; baseline expected action: AUTO,REFUND_NOT_RECEIVED,AUTO,PENDING_HUMAN_REVIEW,High-risk unauthorized activity or fraud claim detected. Mandatory human escalation (CRITICAL risk).
159,conv_346252,I'm glad the last 2 packages I've ordered with Amazon Prime have either gotten lost or been delayed. What's the point of having Prime,DELIVERY_DELAY,AUTO,LOW,common_support,I'm sorry to see this! Will you tell us who the carrier is for your two orders? You can look here: [LINK],2-turn Twitter exchange,Stratified sample for common_support category; baseline expected action: AUTO,DELIVERY_DELAY,AUTO,PENDING_HUMAN_REVIEW,Standard self-service support inquiry for DELIVERY_DELAY; eligible for automated guidance with link precedent.
160,conv_1586741,Just to cancel it or wait :/,CANCELLATION_REQUEST,AUTO,LOW,common_support,Were you given any other options?,4-turn Twitter exchange,Stratified sample for common_support category; baseline expected action: AUTO,CANCELLATION_REQUEST,AUTO,PENDING_HUMAN_REVIEW,Standard inquiry for CANCELLATION_REQUEST; baseline expected action: AUTO.
161,conv_152144,"all the promo prices were incorrect in my shopping cart,what's up w/that? U need to credit me the difference,this is BS. What kind of scam are you running?#blackfriday",UNAUTHORIZED_TRANSACTION_FRAUD,ESCALATE,LOW,rare_intent,"We're unable to access accounts on Twitter, but we're happy to look into available options here: [LINK]",3-turn Twitter exchange,Stratified sample for rare_intent category; baseline expected action: AUTO,GENERAL_INQUIRY_FEEDBACK,AUTO,PENDING_HUMAN_REVIEW,High-risk unauthorized activity or fraud claim detected. Mandatory human escalation (CRITICAL risk).
162,conv_504975,Dear if i order something today on the first and pay for two day shipping and you ship it on the 13th.. do i get a refund on my shipping upgrade?,REFUND_NOT_RECEIVED,AUTO,MEDIUM,common_support,"Two-Day Shipping refers to the transit time, in business days, after an order ships. Your shipping fees may be refunded if we miss our promised delivery date. Learn more here: [LINK] I hope this helps!",5-turn Twitter exchange,Stratified sample for common_support category; baseline expected action: AUTO,REFUND_NOT_RECEIVED,AUTO,PENDING_HUMAN_REVIEW,Standard inquiry for REFUND_NOT_RECEIVED; baseline expected action: AUTO.
163,conv_2280094,my account seems compromised pls send me a link to reset password and all purchases made on 12 nov pls canCel it,ACCOUNT_ACCESS_SECURITY,ESCALATE,HIGH,high_risk,Please drop your number in the link: [LINK] to request a call back from our Account specialist team. Hope this helps,2-turn Twitter exchange,Stratified sample for high_risk category; baseline expected action: ESCALATE,ACCOUNT_ACCESS_SECURITY,ESCALATE,PENDING_HUMAN_REVIEW,Regulated financial/security inquiry (ACCOUNT_ACCESS_SECURITY); strict escalation policy enforces human handoff.
164,conv_2410453,Oh thanks My stuff got delivered three days early. Great! &lt;3,GENERAL_INQUIRY_FEEDBACK,AUTO,LOW,rare_intent,That's what we like to hear! 😁 Let us know if we can ever assist!,2-turn Twitter exchange,Stratified sample for rare_intent category; baseline expected action: AUTO,GENERAL_INQUIRY_FEEDBACK,AUTO,PENDING_HUMAN_REVIEW,Standard inquiry for GENERAL_INQUIRY_FEEDBACK; baseline expected action: AUTO.
165,conv_1263397,i didn't mean to cancel my last order so how long in to i get my money back so i can order it again?,CANCELLATION_REQUEST,AUTO,LOW,common_support,Hello! We don't charge you until the item ships. You may be seeing an authorization. Find info here:[LINK],2-turn Twitter exchange,Stratified sample for common_support category; baseline expected action: AUTO,CANCELLATION_REQUEST,AUTO,PENDING_HUMAN_REVIEW,Standard inquiry for CANCELLATION_REQUEST; baseline expected action: AUTO.
166,conv_1394448,has yet to ship my copy of #AssassinsCreedOrigins that was released yesterday to EVERYONE &amp; yet no word or email explaining why...,ORDER_TRACKING_STATUS,AUTO,LOW,common_support,"So sorry for the delay! Was your order eligible for Release Day Delivery? For more info, visit us here: [LINK]",4-turn Twitter exchange,Stratified sample for common_support category; baseline expected action: AUTO,ORDER_TRACKING_STATUS,AUTO,PENDING_HUMAN_REVIEW,Standard self-service support inquiry for ORDER_TRACKING_STATUS; eligible for automated guidance with link precedent.
167,conv_2252917,"Hi PMs, I'm curious why a shoe would show up in a product listing page for shirts? Debating whether this is a cross-selling tactic? [LINK]",WRONG_ITEM_RECEIVED,AUTO,MEDIUM,common_support,"Hi, Raymond! Thank you for bringing this to our attention! We strive to make our searches as inclusive as possible, but we don't always hit the mark. Can you provide a link of where you saw this so that we can review it?",2-turn Twitter exchange,Stratified sample for common_support category; baseline expected action: AUTO,WRONG_ITEM_RECEIVED,AUTO,PENDING_HUMAN_REVIEW,Standard order exception (WRONG_ITEM_RECEIVED); self-service return/troubleshooting link is safe baseline.
168,conv_2612285,ETA is 18th for my order on and seller still didn't ship the order though he provided fake AWB number for the order. Nice way to fool customers.,ORDER_TRACKING_STATUS,AUTO,LOW,common_support,I'm sorry about that. Have you reported this to our support team here:[LINK] for assistance?,6-turn Twitter exchange,Stratified sample for common_support category; baseline expected action: AUTO,ORDER_TRACKING_STATUS,AUTO,PENDING_HUMAN_REVIEW,Standard self-service support inquiry for ORDER_TRACKING_STATUS; eligible for automated guidance with link precedent.
169,conv_1652449,I called your customer service thrice and also contacted the seller. You people are the worst,OTHER,ESCALATE,MEDIUM,ambiguous,"I'd like to take a closer look into this, please share your details on the link here: [LINK]",2-turn Twitter exchange,Stratified sample for ambiguous category; baseline expected action: ESCALATE,OTHER,ESCALATE,PENDING_HUMAN_REVIEW,"Ambiguous, truncated, or out-of-domain message lacking sufficient context for safe self-service; requires human routing."
170,conv_324489,My order was supposed to be delivered end of the day today. Its 8:30. Doubt u work 24hrs a day.,ORDER_TRACKING_STATUS,AUTO,LOW,common_support,Allow our support team to look into this. You can connect with us here: [LINK] ^CB.,6-turn Twitter exchange,Stratified sample for common_support category; baseline expected action: AUTO,ORDER_TRACKING_STATUS,AUTO,PENDING_HUMAN_REVIEW,Standard self-service support inquiry for ORDER_TRACKING_STATUS; eligible for automated guidance with link precedent.
171,conv_379145,wow I ordered smthng and it shows delivered. Best part haven't recieved or signed the same. #pathetic #amazonin,ORDER_TRACKING_STATUS,AUTO,LOW,common_support,I'm sorry for the incorrect tracking update with your order. Have your reported this to 1/2,3-turn Twitter exchange,Stratified sample for common_support category; baseline expected action: AUTO,ORDER_TRACKING_STATUS,AUTO,PENDING_HUMAN_REVIEW,Standard self-service support inquiry for ORDER_TRACKING_STATUS; eligible for automated guidance with link precedent.
172,conv_218166,Was delivered stone instead of a laptop.. Your Customer Service isn't helpful [LINK],DAMAGED_OR_DEFECTIVE_ITEM,AUTO,MEDIUM,common_support,That's unusual. I'd like to help. Please write to us here: [LINK] and I'll reach out to you. (1/2),5-turn Twitter exchange,Stratified sample for common_support category; baseline expected action: AUTO,DAMAGED_OR_DEFECTIVE_ITEM,AUTO,PENDING_HUMAN_REVIEW,Standard order exception (DAMAGED_OR_DEFECTIVE_ITEM); self-service return/troubleshooting link is safe baseline.
173,conv_1652914,Hi. What are the reasons for a parcel being delayed?,DELIVERY_DELAY,AUTO,LOW,common_support,Hi Alistair. Do you have an outstanding order? What does the latest tracking advise- [LINK],6-turn Twitter exchange,Stratified sample for common_support category; baseline expected action: AUTO,DELIVERY_DELAY,AUTO,PENDING_HUMAN_REVIEW,Standard self-service support inquiry for DELIVERY_DELAY; eligible for automated guidance with link precedent.
174,conv_1720449,"hey, ordered an item. Was marked delivered by your team. Hasn't been received. How does one reach out to you?",ORDER_TRACKING_STATUS,AUTO,LOW,common_support,Sorry to know that you haven't received your order. Kindly contact us here: [LINK] &amp; we'll get it checked.,2-turn Twitter exchange,Stratified sample for common_support category; baseline expected action: AUTO,ORDER_TRACKING_STATUS,AUTO,PENDING_HUMAN_REVIEW,Standard self-service support inquiry for ORDER_TRACKING_STATUS; eligible for automated guidance with link precedent.
175,conv_1965756,still haven't had an update as to why you charged me $17.98.,PAYMENT_AND_BILLING_ISSUE,ESCALATE,HIGH,high_risk,"I'm sorry to hear this! Were you able to reach out yesterday, Stephen? Let us know- we're here to help!",4-turn Twitter exchange,Stratified sample for high_risk category; baseline expected action: ESCALATE,PAYMENT_AND_BILLING_ISSUE,ESCALATE,PENDING_HUMAN_REVIEW,Regulated financial/security inquiry (PAYMENT_AND_BILLING_ISSUE); strict escalation policy enforces human handoff.
176,conv_1659702,[LINK] - Offer - [LINK] CC says I am eligible. Yet no CB. CC giving dates after date. Really fed up with #Amazon in CC. No info. - Never in lat few years felt like this.,OTHER,ESCALATE,MEDIUM,ambiguous,"I’m sorry about this experience. I’d like to assist you, please fill this form: [LINK]",11-turn Twitter exchange,Stratified sample for ambiguous category; baseline expected action: ESCALATE,OTHER,ESCALATE,PENDING_HUMAN_REVIEW,"Ambiguous, truncated, or out-of-domain message lacking sufficient context for safe self-service; requires human routing."
177,conv_1059610,"Really Amazon is this ur way to deal your customer if I'll not get my refund of Rs.1399 in next 24hrs,I will go to consumer forum",REFUND_NOT_RECEIVED,AUTO,MEDIUM,common_support,Sorry for the stretch. Please drop in the details here: [LINK] and we'll get this sorted.,6-turn Twitter exchange,Stratified sample for common_support category; baseline expected action: AUTO,REFUND_NOT_RECEIVED,AUTO,PENDING_HUMAN_REVIEW,Standard inquiry for REFUND_NOT_RECEIVED; baseline expected action: AUTO.
178,conv_1939138,I have a package that is shipped to the correct Marburg DE address but its delivery was attempted in Dillenburg DE.. why?,PACKAGE_DELIVERED_NOT_RECEIVED,AUTO,MEDIUM,common_support,That's rather odd. Please give us a call here: [LINK] so we can look into this with you!,4-turn Twitter exchange,Stratified sample for common_support category; baseline expected action: AUTO,PACKAGE_DELIVERED_NOT_RECEIVED,AUTO,PENDING_HUMAN_REVIEW,Standard order exception (PACKAGE_DELIVERED_NOT_RECEIVED); self-service return/troubleshooting link is safe baseline.
179,conv_1120409,"4th time I've been in my house&amp;Amazon dont knock once,just post the card,&amp;take package to a house I don't know!Im PayingPrime why?",PAYMENT_AND_BILLING_ISSUE,ESCALATE,HIGH,high_risk,"I'm sorry for the delivery troubles, Celine! Please reach us here: [LINK] so we can take a closer look.",2-turn Twitter exchange,Stratified sample for high_risk category; baseline expected action: ESCALATE,PAYMENT_AND_BILLING_ISSUE,ESCALATE,PENDING_HUMAN_REVIEW,Regulated financial/security inquiry (PAYMENT_AND_BILLING_ISSUE); strict escalation policy enforces human handoff.
180,conv_808178,#amazon #worstservicesever #looters A to Z worst services. #liers [LINK],OTHER,ESCALATE,MEDIUM,ambiguous,Apologies for the ordeal. Please share your details here: [LINK] and I'll get back to you.,2-turn Twitter exchange,Stratified sample for ambiguous category; baseline expected action: ESCALATE,OTHER,ESCALATE,PENDING_HUMAN_REVIEW,"Ambiguous, truncated, or out-of-domain message lacking sufficient context for safe self-service; requires human routing."
181,conv_427310,this is the third time its happening your delivery agents are not responding and even the customer service is worst.,DELIVERY_DELAY,AUTO,LOW,common_support,I’d like to understand this better. Please fill this form: [LINK] and I’ll contact you at the earliest,2-turn Twitter exchange,Stratified sample for common_support category; baseline expected action: AUTO,DELIVERY_DELAY,AUTO,PENDING_HUMAN_REVIEW,Standard self-service support inquiry for DELIVERY_DELAY; eligible for automated guidance with link precedent.
182,conv_534141,the contact number of the delivery agent provided in the app under 'track your order' tab is incorrect. I'd like to know whether I'd get my order by EOD or not. It says out for delivery.,ORDER_TRACKING_STATUS,AUTO,LOW,common_support,"When a product is out for delivery, the delivery is attempted on or before 8 pm. Kindly wait until then for the delivery of the order. Do keep us posted. Appreciate your patience.",4-turn Twitter exchange,Stratified sample for common_support category; baseline expected action: AUTO,ORDER_TRACKING_STATUS,AUTO,PENDING_HUMAN_REVIEW,Standard self-service support inquiry for ORDER_TRACKING_STATUS; eligible for automated guidance with link precedent.
183,conv_323787,facing this issue while using #amazonpay raised several calls Hopeless customer care [LINK],UNAUTHORIZED_TRANSACTION_FRAUD,ESCALATE,CRITICAL,high_risk,"Inconvenience is regretted. We'd like to investigate this, please share your details here: [LINK]",4-turn Twitter exchange,Stratified sample for high_risk category; baseline expected action: ESCALATE,UNAUTHORIZED_TRANSACTION_FRAUD,ESCALATE,PENDING_HUMAN_REVIEW,Regulated financial/security inquiry (UNAUTHORIZED_TRANSACTION_FRAUD); strict escalation policy enforces human handoff.
184,conv_399139,"10% cashback for purchase using pay balance not credited for ORDER# 404-9664474-2575559, 404-8887345-7041157, 404-1171714-8121949",REFUND_NOT_RECEIVED,AUTO,MEDIUM,common_support,I understand your concern regarding the cashback. I'd like to assist you with this. Kindly drop your details 1/3,14-turn Twitter exchange,Stratified sample for common_support category; baseline expected action: AUTO,REFUND_NOT_RECEIVED,AUTO,PENDING_HUMAN_REVIEW,Standard inquiry for REFUND_NOT_RECEIVED; baseline expected action: AUTO.
185,conv_916528,Order ID: 403-4257112-8167562. You guys lost my order and have accused me of stealing. Not sure if I should go to court?,UNAUTHORIZED_TRANSACTION_FRAUD,ESCALATE,CRITICAL,high_risk,I apologize for the incorrect update. Kindly share your details here: [LINK] and I'll contact you soon. (1/2),6-turn Twitter exchange,Stratified sample for high_risk category; baseline expected action: ESCALATE,UNAUTHORIZED_TRANSACTION_FRAUD,ESCALATE,PENDING_HUMAN_REVIEW,High-risk unauthorized activity or fraud claim detected. Mandatory human escalation (CRITICAL risk).
186,conv_1570861,"why does the wishlist let me no what's brought, but if someone else goes to buy the item doesn't tell them it's brought #fail",WRONG_ITEM_RECEIVED,AUTO,MEDIUM,common_support,"Items purchased from your wishlist are moved to the purchased section, and will no longer appear for visitors.",7-turn Twitter exchange,Stratified sample for common_support category; baseline expected action: AUTO,WRONG_ITEM_RECEIVED,AUTO,PENDING_HUMAN_REVIEW,Standard order exception (WRONG_ITEM_RECEIVED); self-service return/troubleshooting link is safe baseline.
187,conv_1118002,I ordered Moto M on . They sent a defective piece. Now not giving replacement. This happened twice. Fake festive offers,DAMAGED_OR_DEFECTIVE_ITEM,AUTO,MEDIUM,common_support,Apologies for the trouble with the replacement of the order. I'd like to take a closer look at this. ^AK (1/2),3-turn Twitter exchange,Stratified sample for common_support category; baseline expected action: AUTO,DAMAGED_OR_DEFECTIVE_ITEM,AUTO,PENDING_HUMAN_REVIEW,Standard order exception (DAMAGED_OR_DEFECTIVE_ITEM); self-service return/troubleshooting link is safe baseline.
188,conv_522502,#Pantry is here already ! Love your service ! But y taking charges from Prime members man ! [LINK],PRIME_MEMBERSHIP_INQUIRY,AUTO,LOW,common_support,"Appreciate your interest. Thank you for trusting us. There are certain sellers, who will charge for shipping certain order. We will consider this as feedback and ensure to pass it on internally for improvements.",2-turn Twitter exchange,Stratified sample for common_support category; baseline expected action: AUTO,PRIME_MEMBERSHIP_INQUIRY,AUTO,PENDING_HUMAN_REVIEW,Standard inquiry for PRIME_MEMBERSHIP_INQUIRY; baseline expected action: AUTO.
189,conv_29568,"Hey , since you have launched echo and tap in india. Time to get #alexa working too, please.",DIGITAL_SERVICES_AND_DEVICE,AUTO,LOW,common_support,The Alexa app will be available in the App Store / Play Store when the devices start shipping the week of Oct 30.,8-turn Twitter exchange,Stratified sample for common_support category; baseline expected action: AUTO,DIGITAL_SERVICES_AND_DEVICE,AUTO,PENDING_HUMAN_REVIEW,Standard self-service support inquiry for DIGITAL_SERVICES_AND_DEVICE; eligible for automated guidance with link precedent.
190,conv_2275854,why is prime video not working?,DIGITAL_SERVICES_AND_DEVICE,AUTO,LOW,common_support,"Hey Becca, have you tried logging in and out again? Does this fix it? Keep us posted!",6-turn Twitter exchange,Stratified sample for common_support category; baseline expected action: AUTO,DIGITAL_SERVICES_AND_DEVICE,AUTO,PENDING_HUMAN_REVIEW,Standard self-service support inquiry for DIGITAL_SERVICES_AND_DEVICE; eligible for automated guidance with link precedent.
191,conv_132376,Amazon prime will be the death of my bank account,PRIME_MEMBERSHIP_INQUIRY,AUTO,LOW,common_support,"Hey Leo! Don't worry about it, at least you're gonna have some. Awesome stuff! 👊",2-turn Twitter exchange,Stratified sample for common_support category; baseline expected action: AUTO,PRIME_MEMBERSHIP_INQUIRY,AUTO,PENDING_HUMAN_REVIEW,Standard inquiry for PRIME_MEMBERSHIP_INQUIRY; baseline expected action: AUTO.
192,conv_2847324,"I ordered and paid for a fan over a month ago, where is it please??? I'm overheating [LINK]",OTHER,ESCALATE,MEDIUM,ambiguous,I'm sorry you haven't received your fan yet. Was this fan sold by Amazon or a third-party seller: [LINK],4-turn Twitter exchange,Stratified sample for ambiguous category; baseline expected action: ESCALATE,OTHER,ESCALATE,PENDING_HUMAN_REVIEW,"Ambiguous, truncated, or out-of-domain message lacking sufficient context for safe self-service; requires human routing."
193,conv_2485573,Why am I paying for Prime when my 3 2-day items won't be here until DAY 3? #notOK #sucks #primehell #baitandswitch #lame #badsanta,DELIVERY_DELAY,AUTO,LOW,common_support,Oh no Robin. Did you receive an email with info regarding the delay?,7-turn Twitter exchange,Stratified sample for common_support category; baseline expected action: AUTO,DELIVERY_DELAY,AUTO,PENDING_HUMAN_REVIEW,Standard self-service support inquiry for DELIVERY_DELAY; eligible for automated guidance with link precedent.
194,conv_1019500,You're not acknowledging a return that I put in an Amazon locker six days ago. How do I inquire about that?,RETURN_EXCHANGE_INQUIRY,AUTO,LOW,rare_intent,I'm sorry to hear this. We'd like to take a closer look into this for you. Please reach us here: [LINK],2-turn Twitter exchange,Stratified sample for rare_intent category; baseline expected action: AUTO,RETURN_EXCHANGE_INQUIRY,AUTO,PENDING_HUMAN_REVIEW,Standard self-service support inquiry for RETURN_EXCHANGE_INQUIRY; eligible for automated guidance with link precedent.
195,conv_1614518,any reason you cancelled my prime now order twice this morning?,CANCELLATION_REQUEST,AUTO,LOW,common_support,I'm sorry to hear that Nick. Did you receive an e-mail notification regarding the cancellations?,2-turn Twitter exchange,Stratified sample for common_support category; baseline expected action: AUTO,CANCELLATION_REQUEST,AUTO,PENDING_HUMAN_REVIEW,Standard inquiry for CANCELLATION_REQUEST; baseline expected action: AUTO.
196,conv_1311602,Such a #PoorService given by Amazon. They never give us proper reply on call #pathetic Amazon #Amazonpitiful #Amazon [LINK],WRONG_ITEM_RECEIVED,AUTO,MEDIUM,common_support,I understand your concern but we don't have a remorse a return policy for speakers. You can return the speaker for a 1/3,4-turn Twitter exchange,Stratified sample for common_support category; baseline expected action: AUTO,WRONG_ITEM_RECEIVED,AUTO,PENDING_HUMAN_REVIEW,Standard order exception (WRONG_ITEM_RECEIVED); self-service return/troubleshooting link is safe baseline.
197,conv_1525100,"Dear , 24 hr concierge means no failed deliveries. Please stop with the excuses. Truth: delivery is late. That's ok.",DELIVERY_DELAY,AUTO,LOW,common_support,Oh no! I'm sorry for the poor delivery experience. Please contact us here to get this sorted: [LINK],3-turn Twitter exchange,Stratified sample for common_support category; baseline expected action: AUTO,DELIVERY_DELAY,AUTO,PENDING_HUMAN_REVIEW,Standard self-service support inquiry for DELIVERY_DELAY; eligible for automated guidance with link precedent.
198,conv_239023,"I bought one plus 3T phone on 21st sep 2017(ORDER # 408-8137211-1133927). product was defective. On placing return, amazon1/2",DAMAGED_OR_DEFECTIVE_ITEM,AUTO,MEDIUM,common_support,"Please don't provide your order details, as we consider it to be personal information.Our page is visible to public.(2/2)",9-turn Twitter exchange,Stratified sample for common_support category; baseline expected action: AUTO,DAMAGED_OR_DEFECTIVE_ITEM,AUTO,PENDING_HUMAN_REVIEW,Standard order exception (DAMAGED_OR_DEFECTIVE_ITEM); self-service return/troubleshooting link is safe baseline.
199,conv_380568,"Sometimes I love , they provide one-day delivery even without paying for one.",GENERAL_INQUIRY_FEEDBACK,AUTO,LOW,rare_intent,"Sometimes, why not ? 😉 Thanks for the shoutout, Shivam.",3-turn Twitter exchange,Stratified sample for rare_intent category; baseline expected action: AUTO,GENERAL_INQUIRY_FEEDBACK,AUTO,PENDING_HUMAN_REVIEW,Standard inquiry for GENERAL_INQUIRY_FEEDBACK; baseline expected action: AUTO.
200,conv_1632477,"lost my package, got a refund, lost package again? You guys can't get a package to one of your own lockers? Lesson learned!",WRONG_ITEM_RECEIVED,AUTO,MEDIUM,common_support,I'm sorry for the trouble receiving your order. When we spoke did we provide any insight on your missing orders?,8-turn Twitter exchange,Stratified sample for common_support category; baseline expected action: AUTO,WRONG_ITEM_RECEIVED,AUTO,PENDING_HUMAN_REVIEW,Standard order exception (WRONG_ITEM_RECEIVED); self-service return/troubleshooting link is safe baseline.
